,Channel,Compound,Date,Negative,Neutral,Positive,Text,Tweet Ago
0,@BBC,0.0,Sat Mar 17 15:03:12 +0000 2018,0.0,1.0,0.0,"This year, over 250 landmarks across the globe are going green for #StPatricksDay! üçÄ https://t.co/TlWqU0TXQT https://t.co/i4sW4OaGrQ",1
1,@BBC,0.0,Sat Mar 17 14:43:43 +0000 2018,0.0,1.0,0.0,"RT @BBCRadio3: ""Even if we found a complete theory of the universe, it wouldn't remove the need for music"" - #StephenHawking
https://t.co/t‚Ä¶",2
2,@BBC,0.8625,Sat Mar 17 14:00:30 +0000 2018,0.0,0.699,0.301,‚õ∑‚ù§Ô∏è George has autism and other health conditions - but his love of skiing is helping him take on the outside world. https://t.co/kfCzRzkcNY,3
3,@BBC,0.3628,Sat Mar 17 13:46:15 +0000 2018,0.073,0.784,0.143,"RT @5liveSport: 'My mates didn't know I was playing @realmadrid'

@ManUtd's @carras16 tells @ColinMurray his friends keep him grounded‚Ä¶

'A‚Ä¶",4
4,@BBC,0.4019,Sat Mar 17 13:00:08 +0000 2018,0.0,0.881,0.119,"Yes, Gary Oldman and @BBCEastEnders' Big Mo are brother and sister. 

But do you know these other celeb family ties‚Ä¶ https://t.co/dtzMwD3nBB",5
5,@BBC,-0.7244,Sat Mar 17 12:39:41 +0000 2018,0.336,0.664,0.0,"RT @BBCOne: .@NiallOfficial won't let fame get to his head - Ireland won't allow it. 

Happy #StPatricksDay üçÄ https://t.co/OrWR94HStF",6
6,@BBC,0.5106,Sat Mar 17 12:00:09 +0000 2018,0.112,0.643,0.245,‚ôªÔ∏èüóë This shop encourages you to bring your own container from home to save on single-use plastic waste. https://t.co/TdHJSycKtO,7
7,@BBC,0.8883,Sat Mar 17 11:30:09 +0000 2018,0.0,0.488,0.512,üáÆüá™ üçÄ Celebrate #StPatricksDay in true Irish style with these delicious recipes! üëâhttps://t.co/2MCMlz6K0B https://t.co/k18P3Syx2N,8
8,@BBC,0.6249,Sat Mar 17 11:03:05 +0000 2018,0.0,0.796,0.204,From scrambled eggs to chilli-spiced crisps: here are six great ways to cook with kale. üòãüëâhttps://t.co/lqKD1h83Iv https://t.co/yWESBJm62q,9
9,@BBC,0.6996,Sat Mar 17 10:14:25 +0000 2018,0.066,0.658,0.276,RT @BBCTwo: Happy #StPatricksDay! Check out what's lurking beneath the calm waters of Ireland's west coast... üáÆüá™ü¶à https://t.co/6MQgyLTlIr,10
10,@BBC,0.0,Sat Mar 17 10:00:02 +0000 2018,0.0,1.0,0.0,"üé∂üê¶ Did you know that bullfinches can learn to sing a tune by mimicking humans?

üîä Sound on for this one!  https://t.co/44OFulioZp",11
11,@BBC,-0.7717,Sat Mar 17 09:39:19 +0000 2018,0.251,0.749,0.0,"RT @BBCEngland: Stephen Hawking's PhD thesis has been viewed 250,000 times online since news of his death broke on Wednesday, the Universit‚Ä¶",12
12,@BBC,0.6369,Sat Mar 17 09:00:06 +0000 2018,0.0,0.714,0.286,"Ready to get active?
üèÉ Here are 5 ways you can get involved in #SportRelief2018. 
üëâ https://t.co/wmKUWBDBjp https://t.co/xr7g5Hw4PK",13
13,@BBC,0.7783,Fri Mar 16 19:38:34 +0000 2018,0.0,0.726,0.274,"RT @BBCR1: This guy just raised over a million pounds for @sportrelief üôåüèª

Congratulations on completing a truly mammoth task @gregjames, w‚Ä¶",14
14,@BBC,0.4926,Fri Mar 16 18:31:01 +0000 2018,0.0,0.61,0.39,üí™üò≤‚öΩÔ∏è Keepy-uppy the good work! https://t.co/lFtKEBxjNJ,15
15,@BBC,0.5719,Fri Mar 16 17:00:25 +0000 2018,0.0,0.791,0.209,‚ù§Ô∏èüéß Bradley has never let Asperger's hold him back from doing what he loves. https://t.co/5JFvIXeDSZ,16
16,@BBC,0.0,Fri Mar 16 16:30:01 +0000 2018,0.0,1.0,0.0,"Running for the door on a Friday afternoon like...
#FridayFeeling https://t.co/optoQcK1TV",17
17,@BBC,0.0,Fri Mar 16 16:00:00 +0000 2018,0.0,1.0,0.0,üîäüéµJarvis Cocker describes the dream-like experience of visiting La Monte Young's Dreamhouse.‚Ä¶ https://t.co/O9u7sPRL5m,18
18,@BBC,0.0,Fri Mar 16 14:25:15 +0000 2018,0.0,1.0,0.0,"RT @BBCR1: The gruelling task of climbing Ben Nevis in underway for @gregjames after cycling 180 miles in a day and a half!

Don't know abo‚Ä¶",19
19,@BBC,0.34,Fri Mar 16 14:00:13 +0000 2018,0.0,0.841,0.159,Prepare to get that warm fuzzy feeling - the man who photobombed his wife 11 years before he met her:‚Ä¶ https://t.co/iZBJ8dEKhz,20
20,@BBC,0.6124,Fri Mar 16 12:59:01 +0000 2018,0.0,0.667,0.333,ü§îüé® Why are soap bubbles such gorgeous colours? https://t.co/ppaXTcvWRZ,21
21,@BBC,0.3612,Fri Mar 16 12:38:40 +0000 2018,0.0,0.902,0.098,"RT @BBCNewsPR: Get ready to make the headlines. 

Try out our new BBC iReporter game, putting you in the heart of the newsroom #BBCSchoolRe‚Ä¶",22
22,@BBC,-0.6486,Fri Mar 16 12:00:04 +0000 2018,0.238,0.762,0.0,"üòÇ Fights, funerals, and giant furry heads... @BBCThree lifts the lid on the lives of English football's mascots
üëâ‚Ä¶ https://t.co/gEYxoetlah",23
23,@BBC,0.5574,Fri Mar 16 10:45:24 +0000 2018,0.0,0.841,0.159,"RT @BBCRadio2: It's with a heavy heart that today we announce, after 18 fantastic years, @realLynnBowles is leaving Radio 2. üò¢

@realkenbru‚Ä¶",24
24,@BBC,0.0,Fri Mar 16 10:02:00 +0000 2018,0.0,1.0,0.0,Are you getting enough sleep? This simple test will tell you... ü•Ñüò¥#WorldSleepDay https://t.co/SP28dsdLSf,25
25,@BBC,0.4939,Fri Mar 16 09:35:56 +0000 2018,0.0,0.814,0.186,"RT @bbcthree: the dancing in taylor swift's new video seems pretty familiar 

CC @ChrisLilley https://t.co/MfA9usnqSb",26
26,@BBC,0.6486,Fri Mar 16 09:35:50 +0000 2018,0.0,0.813,0.187,"RT @BBCEngland: Oscar-winning British short film The Silent Child is to be shown on BBC One on Good Friday, giving UK viewers the first cha‚Ä¶",27
27,@BBC,0.0,Fri Mar 16 09:35:47 +0000 2018,0.0,1.0,0.0,RT @BBCScotlandNews: Meet Chloe - the five-year-old girl changing perceptions of Down's syndrome https://t.co/UNylRgDoY0 https://t.co/4ZjpI‚Ä¶,28
28,@BBC,0.4939,Fri Mar 16 09:35:43 +0000 2018,0.0,0.802,0.198,"RT @BBCWales: üåº Daffodils dance in the spring sunshine above Tenby harbour

üì∑ #Photooftheday ¬ª https://t.co/kNBVDzoYrZ https://t.co/OEQQWR7‚Ä¶",29
29,@BBC,0.4404,Fri Mar 16 09:00:03 +0000 2018,0.0,0.847,0.153,"üí™ After having his leg amputated, @MarkSmithBB is now training to become the world's strongest disabled man. https://t.co/BXlGp09hya",30
30,@BBC,0.6115,Fri Mar 16 08:30:05 +0000 2018,0.0,0.84,0.16,"üå∏üåªüå∫
Take a look at some of the strangest, scariest and most wonderful plants on the planet, and find out what makes‚Ä¶ https://t.co/AMFIAuRcxW",31
31,@BBC,-0.4019,Fri Mar 16 08:00:08 +0000 2018,0.172,0.828,0.0,üò¨üõ∞üåè Brace yourselves... a Chinese space station could be about to crash into earth. https://t.co/cPFxyUhRsq,32
32,@BBC,0.3327,Thu Mar 15 21:58:00 +0000 2018,0.0,0.809,0.191,Why were Ansel Adams photographs of America so important? #Civilisations https://t.co/8krOMxDz9C,33
33,@BBC,0.5574,Thu Mar 15 21:04:00 +0000 2018,0.108,0.613,0.278,"At a time in China when artists were persecuted, this painter secretly created beautiful landscapes. #Civilisations https://t.co/ApGgOkXX2w",34
34,@BBC,-0.3818,Thu Mar 15 19:30:04 +0000 2018,0.174,0.737,0.089,70% of children growing up in poverty in Scotland have a parent who is in work. https://t.co/NPY8FbCaf4,35
35,@BBC,-0.296,Thu Mar 15 18:30:06 +0000 2018,0.095,0.905,0.0,"No time in the mornings? 
üçØüçé Pop these in the fridge the night before to feed the family breakfast almost instantly‚Ä¶ https://t.co/FtuewpoBva",36
36,@BBC,0.34,Thu Mar 15 17:30:05 +0000 2018,0.0,0.882,0.118,üé®üñºÔ∏è Meet the amazing 84-year-old who‚Äôs never had an art lesson but painted a life-size replica of a Canaletto maste‚Ä¶ https://t.co/X39YxKuxKe,37
37,@BBC,0.5214,Thu Mar 15 13:52:24 +0000 2018,0.0,0.806,0.194,RT @BBCR1: .@CHVRCHES covering @The1975's 'Somebody Else' in the Live Lounge is so stunning üåπ https://t.co/djNHaPKlLi,38
38,@BBC,0.1901,Thu Mar 15 13:00:05 +0000 2018,0.0,0.821,0.179,"Tiny cookery. It's like regular cookery, but smaller. https://t.co/9Q0R2CiUVi",39
39,@BBC,0.0,Thu Mar 15 12:00:16 +0000 2018,0.0,1.0,0.0,"üö¢üéû Stars of the silver screen all at sea. 
üì∏üëâ https://t.co/YJ7PzhblOE https://t.co/PnHxJNmeok",40
40,@BBC,-0.4767,Thu Mar 15 10:45:00 +0000 2018,0.134,0.866,0.0,"BBC Economics Editor @bbckamal travels back to his old school to talk about real news, and it‚Äôs opposite, fake news‚Ä¶ https://t.co/CAKG8AbVn8",41
41,@BBC,-0.1779,Thu Mar 15 10:26:48 +0000 2018,0.132,0.766,0.102,RT @BBCr4today: Can you spot fake news? #BBCSchoolReport and John Humphrys are here to help... Play the game üëâ https://t.co/ulq1aviwP9 #r4t‚Ä¶,42
42,@BBC,0.0,Thu Mar 15 09:53:48 +0000 2018,0.0,1.0,0.0,"RT @BBCR1: The bike is back.
The lycra is BACK.

@GregJames' #Gregathlon for @SportRelief is back on the road to Ben Nevis! Today's challen‚Ä¶",43
43,@BBC,0.5411,Thu Mar 15 09:53:11 +0000 2018,0.0,0.868,0.132,RT @BBCSpringwatch: üòçüê≠ This adorable little wood mouse hit the jackpot when it came across this larder of tasty hedgehog food! Watch how it‚Ä¶,44
44,@BBC,0.0,Thu Mar 15 09:50:25 +0000 2018,0.0,1.0,0.0,RT @BBCTwo: üÜï CONFIRMED: The final series of #Episodes starts Friday 30 March on @BBCTwo! @matt_leblanc @stephenmangan üì∫üôå https://t.co/PeBz‚Ä¶,45
45,@BBC,0.0,Thu Mar 15 09:00:08 +0000 2018,0.0,1.0,0.0,Meet the Maasai woman standing up to female genital mutilation. https://t.co/CWUQB81bUz,46
46,@BBC,0.0,Thu Mar 15 08:30:08 +0000 2018,0.0,1.0,0.0,"üßÄüêÆ A farm dairy in south west Scotland believes it is leading the way for what it describes as 'ethical' cheese.
üëâ‚Ä¶ https://t.co/VyfVlaVR0u",47
47,@BBC,0.0,Thu Mar 15 08:00:04 +0000 2018,0.0,1.0,0.0,üöá When step-free access on London's Tube... isn't. https://t.co/62SPPru2ZP,48
48,@BBC,-0.6808,Wed Mar 14 21:14:04 +0000 2018,0.248,0.752,0.0,"No coffee after 2pm, no lie-ins and no phones in the bedroom...

One woman followed all the rules to find out what‚Ä¶ https://t.co/EoQcnBXGQ4",49
49,@BBC,0.0,Wed Mar 14 20:00:03 +0000 2018,0.0,1.0,0.0,üõ©Ô∏è The sky's the limit! https://t.co/eQgP9MDBCj,50
50,@BBC,0.0,Wed Mar 14 19:10:00 +0000 2018,0.0,1.0,0.0,"‚ÄúRemember to look up at the stars and not down at your feet.‚Äù

An extraordinary man whose work and legacy will live‚Ä¶ https://t.co/iM2vDxd8ET",51
51,@BBC,-0.7964,Wed Mar 14 19:04:03 +0000 2018,0.351,0.649,0.0,Britain's most iconic dog is in crisis. Catherine Tate investigates the serious health problems affecting the Briti‚Ä¶ https://t.co/pnTcQIQAi5,52
52,@BBC,0.0,Wed Mar 14 18:30:00 +0000 2018,0.0,1.0,0.0,"üîäüòµ This is trippy. 

#TonesDronesAndArpeggios | Watch on @BBCiPlayer https://t.co/Ylvgi0X3XV",53
53,@BBC,0.0,Wed Mar 14 17:30:00 +0000 2018,0.0,1.0,0.0,Would you use a cup made of used chewing gum?¬†https://t.co/3yFsUyeZAc,54
54,@BBC,0.8402,Wed Mar 14 16:43:32 +0000 2018,0.0,0.655,0.345,RT @BBCR1: Big thanks to #PiDay for giving us an excuse to re-share this video of Tom Hiddleston making it sound sexy üòç https://t.co/1VZuCI‚Ä¶,55
55,@BBC,0.4019,Wed Mar 14 16:20:43 +0000 2018,0.0,0.876,0.124,"RT @BBCTwo: In a change to tonight‚Äôs schedule, we‚Äôll now be showing a Horizon special from 1983 looking at Stephen Hawking's extraordinary‚Ä¶",56
56,@BBC,0.0,Wed Mar 14 14:38:04 +0000 2018,0.0,1.0,0.0,"üí´‚òÑ From the behaviour of black holes to the origin of the universe, these are the discoveries that made Stephen Haw‚Ä¶ https://t.co/Nep1Hu6Onj",57
57,@BBC,0.7783,Wed Mar 14 13:24:10 +0000 2018,0.0,0.726,0.274,"Broadcaster and comedian Jim Bowen, best known for hosting darts-based game show Bullseye in the 1980s and '90s, ha‚Ä¶ https://t.co/4d3xxj5e3X",58
58,@BBC,0.6779,Wed Mar 14 13:00:06 +0000 2018,0.0,0.618,0.382,"Pi(œÄ) = the most delicious number in the known universe. 
ü•ß #PiDay https://t.co/hjtJByH0XN",59
59,@BBC,0.561,Wed Mar 14 12:49:48 +0000 2018,0.0,0.826,0.174,"RT @BBCR1: üèîüö¥ #Gregathlon is GO! üö¥üèî

@GregJames is getting back on his bike to finish his HUGE challenge for @SportRelief. 

He starts his‚Ä¶",60
60,@BBC,0.6696,Wed Mar 14 12:17:18 +0000 2018,0.0,0.781,0.219,"RT @bbcgetinspired: üî¥ DANCERS NEEDED! üî¥

Do you know a dancer who would love this? üíÉüï∫ #TuesdayThoughts #GetInspired @birminghamcg22 #Birmin‚Ä¶",61
61,@BBC,-0.802,Wed Mar 14 12:12:32 +0000 2018,0.231,0.769,0.0,RT @BBCFOUR: Ruth Ellis was only 28 when she became the last woman hanged to death in the UK ‚Äì and it took place disturbingly recently. htt‚Ä¶,62
62,@BBC,0.3612,Wed Mar 14 12:03:05 +0000 2018,0.0,0.865,0.135,"üìö The Bard is credited with inventing several hundred English words. 

Test your knowledge of Bard-influenced corpo‚Ä¶ https://t.co/V3IfPC0kDm",63
63,@BBC,0.8176,Wed Mar 14 11:59:37 +0000 2018,0.052,0.598,0.351,"RT @BBCRadio4: Here is a perfect example of Stephen Hawking's extraordinary ability to make serious science genuinely popular
A 90-second e‚Ä¶",64
64,@BBC,0.3612,Wed Mar 14 11:56:23 +0000 2018,0.0,0.828,0.172,"RT @bbcthree: ""Having vitiligo is like having something that nobody else has."" https://t.co/IG2a06mxGV",65
65,@BBC,0.8625,Wed Mar 14 11:56:14 +0000 2018,0.0,0.719,0.281,RT @bbcouch: George has autism and other health conditions - but his love of skiing is helping him take on the outside world ‚õ∑‚ù§Ô∏è https://t.‚Ä¶,66
66,@BBC,0.0,Wed Mar 14 11:30:12 +0000 2018,0.0,1.0,0.0,"üí´ Stephen Hawking: A life in pictures.
üì∏ üëâ https://t.co/0NOtTi7lyD https://t.co/Q1yeTunvnY",67
67,@BBC,0.0,Wed Mar 14 10:27:40 +0000 2018,0.0,1.0,0.0,"'You could ask my dad any question.'

In memory of Stephen Hawking, here's an earlier interview with his daughter L‚Ä¶ https://t.co/6OQlwLfg2d",68
68,@BBC,0.0,Wed Mar 14 10:01:19 +0000 2018,0.0,1.0,0.0,RT @BBCArchive: Stephen Hawking first appeared on the BBC in the 1977 documentary The Key to the Universe: The Search for the Laws of Creat‚Ä¶,69
69,@BBC,0.5719,Wed Mar 14 09:00:05 +0000 2018,0.0,0.748,0.252,'I was homeless on these streets - I'm the perfect tour guide.' https://t.co/jxirkZzebu,70
70,@BBC,0.0,Wed Mar 14 08:35:41 +0000 2018,0.0,1.0,0.0,"Despite 8 million tonnes of plastic entering UK oceans each year, researchers can only account for where 1% of it e‚Ä¶ https://t.co/qHNjcKK9Ap",71
71,@BBC,0.0,Wed Mar 14 07:07:28 +0000 2018,0.0,1.0,0.0,Stephen Hawking had once written that he had motor neurone disease for practically all his adult life but said that‚Ä¶ https://t.co/6oyYB57iE6,72
72,@BBC,-0.5574,Wed Mar 14 07:03:36 +0000 2018,0.13,0.87,0.0,RT @BBCr4today: This morning: World renowned physicist Stephen Hawking has died at the age of 76. Here he is reading an extract from his 19‚Ä¶,73
73,@BBC,0.3612,Wed Mar 14 06:28:18 +0000 2018,0.116,0.683,0.201,"RT @BBCWorld: A brilliant mind,

wicked sense of humor

and a heart big enough to hold the universe. ‚≠êüöÄ

Rest among the stars, Stephen Hawk‚Ä¶",74
74,@BBC,-0.5574,Wed Mar 14 06:21:50 +0000 2018,0.217,0.783,0.0,"üíî World renowned physicist Stephen Hawking has died at the age of 76.
https://t.co/WxYeUddUJB https://t.co/Sbl0zn1Dma",75
75,@BBC,0.0,Tue Mar 13 20:00:05 +0000 2018,0.0,1.0,0.0,"Wakanda has Black Panther. 

 Senegal has Sandale-man. https://t.co/T9JnB3pNeq",76
76,@BBC,0.0,Tue Mar 13 19:00:05 +0000 2018,0.0,1.0,0.0,‚öî Charis is 19 years old and makes SWORDS for a living! https://t.co/kUUiAjIwNu,77
77,@BBC,0.0,Tue Mar 13 18:30:05 +0000 2018,0.0,1.0,0.0,"Microplastics are littering riverbeds across the UK, with hundreds of thousands of plastic particles per square met‚Ä¶ https://t.co/cGhDdnQrTm",78
78,@BBC,0.6696,Tue Mar 13 17:30:06 +0000 2018,0.0,0.71,0.29,‚ù§Ô∏èüíÉüèª Ballet is STILL the love of Joyce's life at 98-years-old! https://t.co/nzr3Jy1wbS,79
79,@BBC,-0.296,Tue Mar 13 17:16:46 +0000 2018,0.087,0.913,0.0,"RT @bbcthree: ""No one needs airbags because you've got two"" 

.... and others things not to say to people who've had cosmetic procedures ht‚Ä¶",80
80,@BBC,0.3182,Tue Mar 13 17:13:13 +0000 2018,0.0,0.897,0.103,"RT @BBCR1: Now we have a trailer for #FantasticBeasts: The Crimes of Grindelwald, please can we take a moment to discuss Eddie Redmanyne's‚Ä¶",81
81,@BBC,-0.5255,Tue Mar 13 17:02:28 +0000 2018,0.188,0.72,0.092,"RT @bbcwritersroom: #Networking, a necessary evil - and why you've got to learn to embrace it! 

Check out @PhilipShelley1's latest blog fo‚Ä¶",82
82,@BBC,0.6808,Tue Mar 13 14:00:22 +0000 2018,0.054,0.702,0.244,"From making serious science genuinely popular to his sense of humour, here are seven reasons we ‚ù§Ô∏è Stephen Hawking.‚Ä¶ https://t.co/zWNEpoOttE",83
83,@BBC,0.4215,Tue Mar 13 13:00:08 +0000 2018,0.0,0.865,0.135,üé® This scheme to recycle unused paint has saved hundreds of tons of leftovers from ending up in landfill. https://t.co/Y6oau3hK0s,84
84,@BBC,0.0258,Tue Mar 13 12:26:59 +0000 2018,0.086,0.824,0.09,üôÖüíå Fans of #KPop boyband #BigBang have been asked to stop sending fan mail to @IBGDRGN at the army base where he's‚Ä¶ https://t.co/Swh0KwypL7,85
85,@BBC,0.0,Tue Mar 13 12:03:24 +0000 2018,0.0,1.0,0.0,"RT @bbcouch: During the Winter Olympics people across Britain were swept away by curling. And Aileen Neilson, captain of @ParalympicsGB‚Äôs c‚Ä¶",86
86,@BBC,0.25,Tue Mar 13 12:00:09 +0000 2018,0.0,0.9,0.1,"Shakespeare's plays are famous around the world, yet much about the playwright is still a mystery. 

Here's what we‚Ä¶ https://t.co/McqCcs3mMj",87
87,@BBC,-0.431,Tue Mar 13 11:28:09 +0000 2018,0.192,0.808,0.0,"RT @bbcthree: ""Underwater you feel nothing. You're at peace with yourself.""  #perfectday2018 https://t.co/zHpEQSzk4H",88
88,@BBC,-0.4588,Tue Mar 13 11:26:58 +0000 2018,0.12,0.88,0.0,"RT @BBCiPlayer: Renowned shop owner and music producer, Blacker Dread, was amongst the first pioneers of sound system culture in the UK üáØüá≤‚Ä¶",89
89,@BBC,0.0,Tue Mar 13 09:00:06 +0000 2018,0.0,1.0,0.0,"ü§î Are we really born to prefer 'boys' or 'girls' toys? 

üêí The answer might lie with monkeys... https://t.co/oI014dsJHD",90
90,@BBC,0.6304,Tue Mar 13 08:30:07 +0000 2018,0.081,0.718,0.2,"üó£ Accents can be subject to subtle forms of prejudice, but does that mean some are more appealing and trustworthy t‚Ä¶ https://t.co/BgEMXgEzSr",91
91,@BBC,-0.0772,Tue Mar 13 08:00:03 +0000 2018,0.129,0.76,0.111,Marianne's search for her missing daughter could be straight out of the film #ThreeBillboards. https://t.co/dph6hhzlXi,92
92,@BBC,0.5515,Mon Mar 12 20:17:27 +0000 2018,0.0,0.771,0.229,"RT @BBCOne: ‚ù§Ô∏è Edina, but kind of glad she's not our mum. https://t.co/lQINpsfQuA",93
93,@BBC,-0.7003,Mon Mar 12 20:16:22 +0000 2018,0.303,0.599,0.099,"RT @BBCnireland: Christopher suffered a severe, life-changing, brain injury. It changed his life and the life of his family. True North: My‚Ä¶",94
94,@BBC,0.2263,Mon Mar 12 19:23:01 +0000 2018,0.0,0.84,0.16,üåä These three women are leading the way in ocean exploration. https://t.co/qwkMRVMiNl,95
95,@BBC,0.2263,Mon Mar 12 18:30:06 +0000 2018,0.0,0.881,0.119,"üóìü•ó A week‚Äôs worth of veggie dishes from @ChefTomKerridge, @NigelSlater, @Nigella_Lawson and The @HairyBikers.
üëâ‚Ä¶ https://t.co/VvTZRToT6L",96
96,@BBC,0.5859,Mon Mar 12 17:30:05 +0000 2018,0.0,0.84,0.16,"'There's nothing in the dictionary for that.'

üé∂‚ù§Ô∏è The amazing moment eight London teens hear an opera singer in th‚Ä¶ https://t.co/J448SabIeC",97
97,@BBC,0.0,Mon Mar 12 16:44:15 +0000 2018,0.0,1.0,0.0,"RT @BBCTwo: Meet Marshaal and Amal, two of just six women working at this hotel in Oman.

#AmazingHotels #IWD2018 https://t.co/5zdDAFBrZ9",98
98,@BBC,0.9022,Mon Mar 12 16:24:52 +0000 2018,0.0,0.643,0.357,"RT @BBCOne: To celebrate the life of the amazing Ken Dodd, tonight we will be showing:

22:45 - Arena: Ken Dodd's Happiness
23:45 - Talking‚Ä¶",99
99,@BBC,0.8429,Mon Mar 12 16:17:43 +0000 2018,0.0,0.702,0.298,RT @BBCnireland: AMAZING OPPORTUNITY: We're looking for female directors aged 18-30. Could you make a short film for BBC NI &amp; @bbcartsshow?‚Ä¶,100
100,@CBSNews,0.4939,Sat Mar 17 15:33:35 +0000 2018,0.0,0.873,0.127,"RT @CBSThisMorning: TIME-LAPSE: Watch the Chicago River turn green in honor of #StPatricksDay. 

Did you know it takes 40 pounds of dye to‚Ä¶",1
101,@CBSNews,0.4215,Sat Mar 17 15:17:58 +0000 2018,0.0,0.872,0.128,A United Airlines flight from Newark to St. Louis was diverted when crew members realized they had loaded a dog int‚Ä¶ https://t.co/vuvyXMSoT7,2
102,@CBSNews,0.0,Sat Mar 17 14:57:00 +0000 2018,0.0,1.0,0.0,"In an email to CBS News, Trump's personal attorney John Dowd calls on Deputy Attorney General Rod Rosenstein to bri‚Ä¶ https://t.co/7oTCywkWvF",3
103,@CBSNews,-0.7579,Sat Mar 17 14:41:01 +0000 2018,0.265,0.735,0.0,"Lead engineer with one of the firms behind a pedestrian bridge that collapsed in Florida, killing at least six peop‚Ä¶ https://t.co/qT6ieNpyAN",4
104,@CBSNews,-0.6597,Sat Mar 17 14:21:01 +0000 2018,0.206,0.794,0.0,"Small passenger plane carrying five people crashed into a house shortly after takeoff in the Philippines, killing a‚Ä¶ https://t.co/S2Dz3eavVX",5
105,@CBSNews,-0.2263,Sat Mar 17 14:01:01 +0000 2018,0.102,0.837,0.06,Xi Jinping was reappointed Saturday as China's president with no limit on the number of terms he can serve.‚Ä¶ https://t.co/IYJOOummT2,6
106,@CBSNews,0.25,Sat Mar 17 13:40:01 +0000 2018,0.101,0.756,0.143,Former FBI Deputy Director Andrew McCabe says the Justice Department's decision to fire him just days before his re‚Ä¶ https://t.co/EAxBeqZSad,7
107,@CBSNews,0.4939,Sat Mar 17 13:30:00 +0000 2018,0.0,0.862,0.138,RT @CBSThisMorning: This will be @AlexWagner's last morning as co-host of @CBSThisMorning Saturday. She has an exciting new assignment at o‚Ä¶,8
108,@CBSNews,-0.5994,Sat Mar 17 13:21:48 +0000 2018,0.224,0.776,0.0,"Russia expels 23 British embassy staff members from Moscow, as tension between the two countries has escalated rapi‚Ä¶ https://t.co/xJAEVD8mBg",9
109,@CBSNews,0.0,Sat Mar 17 13:03:03 +0000 2018,0.0,1.0,0.0,Trump tariffs: Europe releases list of retaliation targets https://t.co/GineFIDakl https://t.co/TeMMDECHB2,10
110,@CBSNews,0.0,Sat Mar 17 12:48:04 +0000 2018,0.0,1.0,0.0,"""Russian Roulette"" authors reveal the debate in the Obama administration on how to deal with Russian cyberattacks‚Ä¶ https://t.co/uTcu67qVYv",11
111,@CBSNews,0.6124,Sat Mar 17 12:33:04 +0000 2018,0.0,0.667,0.333,Texas Tech recognizes outstanding show of sportsmanship https://t.co/Ks3czRdXQ1 https://t.co/qTab9CmCUO,12
112,@CBSNews,0.2023,Sat Mar 17 12:18:07 +0000 2018,0.0,0.833,0.167,"Top Saudi official: Secretive corruption crackdown was ""efficient"" https://t.co/ojJdq8AeLr https://t.co/e08jUSjNXJ",13
113,@CBSNews,-0.5994,Sat Mar 17 12:03:04 +0000 2018,0.328,0.672,0.0,Russian businessman's death being treated as a homicide https://t.co/QBqMJeDjbS https://t.co/FWYih9x1Hy,14
114,@CBSNews,0.0,Sat Mar 17 11:48:03 +0000 2018,0.0,1.0,0.0,Walmart wants to patent drone bees https://t.co/0mPAjV6ije https://t.co/4GxWmC6dKF,15
115,@CBSNews,0.0,Sat Mar 17 11:33:04 +0000 2018,0.0,1.0,0.0,"Alabama hospital gunman identified as disgruntled employee, authorities say https://t.co/etEaMtpW4G https://t.co/uCdbcG715m",16
116,@CBSNews,0.0772,Sat Mar 17 11:18:07 +0000 2018,0.0,0.885,0.115,Jeff Flake considers 2020 primary bid to challenge Trump https://t.co/xNllU8VzdV https://t.co/t5e7MNXf5q,17
117,@CBSNews,0.0,Sat Mar 17 11:03:03 +0000 2018,0.0,1.0,0.0,Cops in hot water over topless pics snapped on beach https://t.co/OVPyKFz9ld https://t.co/PgyUP2pThK,18
118,@CBSNews,-0.5574,Sat Mar 17 10:49:24 +0000 2018,0.167,0.833,0.0,"RT @CBSThisMorning: AHEAD on @CBSThisMorning Saturday:

üëâ @PaulaReidCBS with the latest on FBI's Andrew McCabe fired
üëâUpdate on Florida bri‚Ä¶",19
119,@CBSNews,-0.4767,Sat Mar 17 10:48:04 +0000 2018,0.313,0.687,0.0,Arizona teacher posts pay stub to dispute governor's claim https://t.co/tZ053bWzmx https://t.co/LwWq4hPsPX,20
120,@CBSNews,0.1531,Sat Mar 17 10:33:03 +0000 2018,0.138,0.688,0.175,Dog mistakenly sent to Japan by United gets a private jet home https://t.co/2WagsiLbB2 https://t.co/btHKo4OiJq,21
121,@CBSNews,0.0,Sat Mar 17 10:18:06 +0000 2018,0.0,1.0,0.0,"NRCC Chairman Steve Stivers says Pennsylvania Democrats ""outraised and outspent"" https://t.co/7ckaolixKC https://t.co/oKqcWLFPRB",22
122,@CBSNews,0.25,Sat Mar 17 10:03:04 +0000 2018,0.0,0.818,0.182,"Amid White House departures, Trump jokes ""who's next?"" https://t.co/4Vny6IdAKz https://t.co/8vmmklRhHk",23
123,@CBSNews,-0.2263,Sat Mar 17 09:48:03 +0000 2018,0.128,0.872,0.0,Federal judge blocks Los Angeles from enforcing nearly all remaining gang injunctions https://t.co/ltYf53JJDj https://t.co/V3zThAsiRV,24
124,@CBSNews,-0.3182,Sat Mar 17 09:33:03 +0000 2018,0.204,0.796,0.0,Nike president resigns amid reports of inappropriate behavior https://t.co/h23zS0tIJx https://t.co/kPdhHeXTh5,25
125,@CBSNews,0.0,Sat Mar 17 09:18:07 +0000 2018,0.0,1.0,0.0,Democrats claim they have evidence State Dept. staffers were targeted for political reasons https://t.co/D5byRJzXlb https://t.co/yLLQlLXtjd,26
126,@CBSNews,0.4588,Sat Mar 17 09:03:04 +0000 2018,0.0,0.786,0.214,Act of kindness leads to a family reunion six decades overdue https://t.co/LZmdvzL4NK https://t.co/GOtKX1ngJl,27
127,@CBSNews,-0.6705,Sat Mar 17 08:48:03 +0000 2018,0.29,0.71,0.0,Woman who killed boyfriend in botched YouTube stunt gets 6 months https://t.co/K93fSR7Ui9 https://t.co/7wfbQNS69g,28
128,@CBSNews,-0.4939,Sat Mar 17 08:33:04 +0000 2018,0.296,0.704,0.0,"Defiant Russia vows retaliation over U.S. sanctions, U.K. spy accusations https://t.co/spOFuvV0o5 https://t.co/nl2vcusR2s",29
129,@CBSNews,0.296,Sat Mar 17 08:18:07 +0000 2018,0.0,0.804,0.196,2 measles cases put U.S. travelers on high alert https://t.co/6nmAoRROE4 https://t.co/OeY8hb6QxM,30
130,@CBSNews,-0.296,Sat Mar 17 08:03:03 +0000 2018,0.121,0.879,0.0,"Missing teen Amy Yu and Pennsylvania man Kevin Esterly took one-way flight to Cancun, police say‚Ä¶ https://t.co/ys8sgKG3Zh",31
131,@CBSNews,-0.6486,Sat Mar 17 07:48:04 +0000 2018,0.264,0.736,0.0,Man returns home to Romania to find he's been declared dead https://t.co/izsp5cdaSb https://t.co/qbwohOQ6sQ,32
132,@CBSNews,-0.296,Sat Mar 17 07:33:04 +0000 2018,0.18,0.82,0.0,Kids accused of injecting dog with cocaine in Philadelphia https://t.co/rZRrAmIc1I https://t.co/v2IY5l6eBw,33
133,@CBSNews,0.0,Sat Mar 17 07:18:06 +0000 2018,0.0,1.0,0.0,President Trump nudges Danny Tarkanian from Senate race into House race https://t.co/u9WAp7kYcV https://t.co/Mxa9mofBZH,34
134,@CBSNews,-0.8807,Sat Mar 17 07:03:03 +0000 2018,0.455,0.545,0.0,"Georgia executes ""stocking strangler,"" convicted of raping and killing older women https://t.co/JfBcwhiBcB https://t.co/Sj9chBDHEi",35
135,@CBSNews,-0.3612,Sat Mar 17 06:48:02 +0000 2018,0.2,0.8,0.0,Interior Secretary Ryan Zinke criticized for internment camp remarks https://t.co/6zKRUTQPbF https://t.co/6Ufidkf2YB,36
136,@CBSNews,-0.296,Sat Mar 17 06:42:04 +0000 2018,0.167,0.833,0.0,China's Xi Jinping reappointed as president with no term limits https://t.co/yUCLUXuWlz https://t.co/lKOlytvxpv,37
137,@CBSNews,-0.6124,Sat Mar 17 06:33:03 +0000 2018,0.292,0.625,0.083,Pentagon hints budget woes possible factor in fighter jet crash off Key West https://t.co/jmHKcNR2di https://t.co/YScjrP59VE,38
138,@CBSNews,-0.4588,Sat Mar 17 06:18:06 +0000 2018,0.25,0.75,0.0,Stormy Daniels' lawyer claims she was physically threatened https://t.co/xUH1WH2nIu https://t.co/VSoFS6i8qr,39
139,@CBSNews,-0.0772,Sat Mar 17 06:10:04 +0000 2018,0.183,0.651,0.166,"United flight diverted after dog loaded onto wrong flight, airline says https://t.co/nB09Avz70h https://t.co/D8sMO7NOK0",40
140,@CBSNews,-0.25,Sat Mar 17 06:03:04 +0000 2018,0.158,0.753,0.089,Democrat steps up to challenge GOP candidate who mocked Parkland students https://t.co/zKMg6nfS5T https://t.co/BrGtmGGCjs,41
141,@CBSNews,0.1027,Sat Mar 17 05:48:03 +0000 2018,0.0,0.924,0.076,"Citing pre-WWII state law, Alabama sheriff legally used $750,000 in inmate food funds to buy beach house‚Ä¶ https://t.co/TH5JMR18ok",42
142,@CBSNews,-0.5106,Sat Mar 17 05:44:03 +0000 2018,0.191,0.809,0.0,Authorities euthanize turtle amid reports it was fed sick puppy in science class https://t.co/bvhxwF9d1p https://t.co/SSoAsdojqs,43
143,@CBSNews,0.0,Sat Mar 17 05:33:04 +0000 2018,0.0,1.0,0.0,"Malaysia's ""Snake whisperer"" dies after cobra bite, report says https://t.co/Sr6eOcuT7a https://t.co/o7BrF3Gb9q",44
144,@CBSNews,-0.4019,Sat Mar 17 05:18:03 +0000 2018,0.213,0.787,0.0,8 injured as ski lift hurls passengers in the air https://t.co/ptgPaHQ0HG https://t.co/5uSpUQzu2S,45
145,@CBSNews,-0.7717,Sat Mar 17 05:03:03 +0000 2018,0.401,0.599,0.0,Thousands mourn shooting death of Rio city councilwoman Marielle Franco https://t.co/cjTz5PUFCT https://t.co/6UP3ju36bp,46
146,@CBSNews,-0.4767,Sat Mar 17 04:48:03 +0000 2018,0.205,0.795,0.0,Women arrested after recording hate-filled video at mosque with their kids https://t.co/x1UakBwPjq https://t.co/RHFKkzaoBa,47
147,@CBSNews,-0.6597,Sat Mar 17 04:33:03 +0000 2018,0.268,0.732,0.0,Alabama man gives thumbs-up before being executed for killing carnival boss https://t.co/FRF0vo7sOR https://t.co/mJRGTdXwsP,48
148,@CBSNews,0.0,Sat Mar 17 04:24:05 +0000 2018,0.0,1.0,0.0,Facebook suspends data firm used by Trump's 2016 campaign https://t.co/5DxnvQ8Chk https://t.co/tAsUUV4J2l,49
149,@CBSNews,-0.4215,Sat Mar 17 04:18:03 +0000 2018,0.219,0.781,0.0,"Hillary Clinton treated for minor injury, Indian hospital says https://t.co/yCOcn6IRBh https://t.co/680SAE4IjJ",50
150,@CBSNews,-0.6908,Sat Mar 17 04:03:03 +0000 2018,0.227,0.773,0.0,"Tex McIver case: At Georgia lawyer's murder trial, nurse testifies to his wife's dying words https://t.co/lRdkwowaot https://t.co/114RhfEgSj",51
151,@CBSNews,-0.836,Sat Mar 17 04:00:07 +0000 2018,0.586,0.414,0.0,March Madness: No. 16 seed UMBC shocks No. 1 Virginia https://t.co/tFkE6dMSne https://t.co/4DDJkrIZ0h,52
152,@CBSNews,-0.4939,Sat Mar 17 03:48:04 +0000 2018,0.186,0.814,0.0,Miami bridge collapse: Tearful families wait as officials expect to find more bodies https://t.co/2SeBsykJUF https://t.co/CJsmslPVBZ,53
153,@CBSNews,-0.4588,Sat Mar 17 03:33:03 +0000 2018,0.284,0.603,0.112,Missouri defends 241-year prison sentence for 16-year-old https://t.co/yDVEn8iZA8 https://t.co/la6GOOXjpD,54
154,@CBSNews,-0.6486,Sat Mar 17 03:18:03 +0000 2018,0.249,0.751,0.0,"Tripp Halstead, boy whose life was followed online by thousands, dead at 7 https://t.co/RSlF8rb8FT https://t.co/eFhDJx38rV",55
155,@CBSNews,-0.4767,Sat Mar 17 03:03:04 +0000 2018,0.313,0.687,0.0,Arizona teacher posts pay stub to dispute governor's claim https://t.co/lto1w5QH8X https://t.co/1SDGHPWasy,56
156,@CBSNews,0.0,Sat Mar 17 02:45:01 +0000 2018,0.0,1.0,0.0,A new report from the Centers for Disease Control and Prevention offers some striking findings on Americans' drinki‚Ä¶ https://t.co/nPuPfzJF30,57
157,@CBSNews,-0.34,Sat Mar 17 02:33:02 +0000 2018,0.107,0.893,0.0,"Former deputy FBI director Andrew McCabe said in a phone interview that the report that led to his firing was ""misl‚Ä¶ https://t.co/yF8F4QVEkA",58
158,@CBSNews,0.1027,Sat Mar 17 02:30:01 +0000 2018,0.0,0.935,0.065,"Alabama sheriff legally used more than $750,000 of funds meant to feed inmates to purchase a beach house; he said h‚Ä¶ https://t.co/LmAUL09Es6",59
159,@CBSNews,-0.128,Sat Mar 17 02:12:35 +0000 2018,0.159,0.705,0.137,"JUST IN: Former FBI deputy director Andrew McCabe has been fired, effective immediately, the Department of Justice‚Ä¶ https://t.co/A0ZDafMDN0",60
160,@CBSNews,-0.4019,Sat Mar 17 02:10:01 +0000 2018,0.137,0.863,0.0,Shocking video emerges of a malfunctioning ski lift hurling skiers off their chairs in the republic of Georgia‚Ä¶ https://t.co/BK4kcH6ReI,61
161,@CBSNews,0.0,Sat Mar 17 01:50:01 +0000 2018,0.0,1.0,0.0,"In wake of Parkland shooting, America's biggest grocery chain hardens stance on guns https://t.co/LU9Hrq1JTS https://t.co/wWdJUHoo9C",62
162,@CBSNews,-0.802,Sat Mar 17 01:30:01 +0000 2018,0.298,0.702,0.0,"Two New York City firefighters were among the seven killed in a helicopter crash in western Iraq, officials confirm‚Ä¶ https://t.co/DlZaHWn3YG",63
163,@CBSNews,0.5423,Sat Mar 17 01:10:01 +0000 2018,0.0,0.857,0.143,"Five years ago, an act of sportsmanship gave one Texas high schooler shot at glory; Texas Tech found a unique way t‚Ä¶ https://t.co/P78UZpgpPc",64
164,@CBSNews,0.0,Sat Mar 17 00:50:03 +0000 2018,0.0,1.0,0.0,"Graphic surveillance video from Pulse nightclub shooting shown to jury at trial of gunman's widow, as she faces fed‚Ä¶ https://t.co/9TVwHZx5jG",65
165,@CBSNews,-0.4939,Sat Mar 17 00:36:48 +0000 2018,0.167,0.833,0.0,WATCH LIVE: NTSB officials deliver update on deadly bridge collapse in Miami; at least six dead‚Ä¶ https://t.co/TY5AiiQ918,66
166,@CBSNews,-0.5719,Sat Mar 17 00:30:01 +0000 2018,0.217,0.691,0.092,Mexican man acquitted of Kate Steinle murder wants federal case thrown out over Pres. Trump's tweets‚Ä¶ https://t.co/stoW6kgLY4,67
167,@CBSNews,-0.296,Sat Mar 17 00:10:00 +0000 2018,0.109,0.891,0.0,"During Friday briefing, White House press secretary Sarah Sanders insisted there are no staffing changes for now, a‚Ä¶ https://t.co/4JLRuoG0BU",68
168,@CBSNews,-0.6597,Fri Mar 16 23:50:01 +0000 2018,0.243,0.708,0.049,Crews have been working nonstop to reach and recover victims of the bridge collapse at Florida International Univer‚Ä¶ https://t.co/Hq7mBjwh5n,69
169,@CBSNews,0.2732,Fri Mar 16 23:30:02 +0000 2018,0.0,0.905,0.095,"14 untimely deaths of Russian exiles living in Britain, as well as British citizens caught in the Kremlin's web, ar‚Ä¶ https://t.co/sVTi78bg48",70
170,@CBSNews,-0.0258,Fri Mar 16 23:09:24 +0000 2018,0.101,0.802,0.097,"In Russia, seven candidates -- from a fiery nationalist to a prominent socialite -- are all allowed to run in the u‚Ä¶ https://t.co/goBhHHA5Po",71
171,@CBSNews,0.5598,Fri Mar 16 22:47:57 +0000 2018,0.0,0.859,0.141,"""Why do you think President Putin is so popular among Russians?""
""Because in the eyes of most of the people, he is‚Ä¶ https://t.co/O1DDEhEJKo",72
172,@CBSNews,-0.5478,Fri Mar 16 22:42:13 +0000 2018,0.218,0.701,0.08,"""More than a year in office, more than 20 top aides [under Pres. Trump] have either resigned, been fired or reassig‚Ä¶ https://t.co/sMXu8pCsxg",73
173,@CBSNews,-0.4019,Fri Mar 16 22:40:24 +0000 2018,0.137,0.863,0.0,"""Sources tell CBS News [H.R.] McMaster is likely to lose his job,"" @Jerickaduncan reports. ""The three-star general‚Ä¶ https://t.co/yTta2sPScw",74
174,@CBSNews,-0.6705,Fri Mar 16 22:37:26 +0000 2018,0.191,0.809,0.0,"RT @CBSEveningNews: Surveillance video of the Pulse nightclub shooting in Orlando where 49 people were killed was released today

@CBSMMill‚Ä¶",75
175,@CBSNews,0.5106,Fri Mar 16 22:35:32 +0000 2018,0.0,0.87,0.13,"RT @CBSEveningNews: The search and rescue phase is over, and now crews are working non-stop to recover bodies from the @FIU bridge collapse‚Ä¶",76
176,@CBSNews,0.4173,Fri Mar 16 22:25:01 +0000 2018,0.0,0.866,0.134,"In his first American television interview, Saudi crown prince says Iran's Ayatollah Khamenei is ""very much like Hi‚Ä¶ https://t.co/XCcf9qZGuT",77
177,@CBSNews,-0.2263,Fri Mar 16 22:05:01 +0000 2018,0.107,0.829,0.063,"Jimmy Kimmel says he will file ""official complaint"" against Trump Organization after finding that a number of the c‚Ä¶ https://t.co/kQZpH15hQN",78
178,@CBSNews,-0.2263,Fri Mar 16 21:45:01 +0000 2018,0.139,0.717,0.143,"Missouri defends 241-year prison sentence for man who committed robbery, other crimes on a single day when he was 1‚Ä¶ https://t.co/zOgn7Znvpe",79
179,@CBSNews,0.0,Fri Mar 16 21:25:01 +0000 2018,0.0,1.0,0.0,"Two years after astronaut Scott Kelly's longest single spaceflight in U.S. history, NASA has released new research‚Ä¶ https://t.co/nDbTPckUzZ",80
180,@CBSNews,0.0,Fri Mar 16 21:05:02 +0000 2018,0.0,1.0,0.0,Authorities say a one-year-old dog is recovering after children injected the animal with cocaine in Pennsylvania‚Ä¶ https://t.co/ehgt2bYjcJ,81
181,@CBSNews,0.0,Fri Mar 16 20:45:02 +0000 2018,0.0,1.0,0.0,Pres. Trump nudges Nevada businessman and frequent GOP political candidate Danny Tarkanian from Senate race into Ho‚Ä¶ https://t.co/jgHRoPlUo0,82
182,@CBSNews,0.0,Fri Mar 16 20:25:01 +0000 2018,0.0,1.0,0.0,"After more than 20 years of working abroad, man returns home to Romania to find he's been declared dead‚Ä¶ https://t.co/unaYNDrjhd",83
183,@CBSNews,-0.765,Fri Mar 16 20:05:02 +0000 2018,0.336,0.664,0.0,Black man who was severely beaten during Charlottesville white nationalist rally -- and then charged with misdemean‚Ä¶ https://t.co/O9JrNy1RaM,84
184,@CBSNews,-0.5267,Fri Mar 16 19:46:30 +0000 2018,0.188,0.812,0.0,"After Martin Shkreli was sentenced to seven years in prison, here‚Äôs what could happen to the Wu-Tang Clan album pur‚Ä¶ https://t.co/FMuBLYyINy",85
185,@CBSNews,0.2023,Fri Mar 16 19:19:31 +0000 2018,0.0,0.909,0.091,Two top Democrats claim they have evidence that staffers at the State Department were removed for political reasons‚Ä¶ https://t.co/h4Jyo0z7Pv,86
186,@CBSNews,0.4588,Fri Mar 16 18:45:49 +0000 2018,0.0,0.85,0.15,".@PressSec: ""General McMaster is a dedicated public servant, and he is here focused...on some really big issues --‚Ä¶ https://t.co/6o8a8DhTuN",87
187,@CBSNews,0.0,Fri Mar 16 18:42:39 +0000 2018,0.0,1.0,0.0,".@PressSec on reports of staff shake-up at White House: ""People shouldn't be concerned. We should do exactly what w‚Ä¶ https://t.co/ATaK1gyCUO",88
188,@CBSNews,0.2023,Fri Mar 16 18:41:54 +0000 2018,0.095,0.733,0.172,"""The chief of staff actually spoke to a number of staff this morning, reassuring them that there were no immediate‚Ä¶ https://t.co/R2zaxCagVz",89
189,@CBSNews,0.0,Fri Mar 16 18:23:07 +0000 2018,0.0,1.0,0.0,"WATCH LIVE: @PressSec Sarah Sanders takes the podium at briefing, amid more expected White House staff shakeups‚Ä¶ https://t.co/ZUo8dWxklh",90
190,@CBSNews,-0.2023,Fri Mar 16 18:16:07 +0000 2018,0.136,0.758,0.106,"Rep. Louise Slaughter, who was the first and only woman to chair the powerful House Rules Committee, has died at 88‚Ä¶ https://t.co/vBDX7Tckez",91
191,@CBSNews,0.0,Fri Mar 16 17:57:01 +0000 2018,0.0,1.0,0.0,"ProPublica retracts reporting on CIA director nominee Gina Haspel from a year ago, including an anecdote which said‚Ä¶ https://t.co/cyWyJIFLhH",92
192,@CBSNews,-0.3182,Fri Mar 16 17:36:15 +0000 2018,0.126,0.874,0.0,"Canadians are confused about what President Trump says he told Prime Minister Justin Trudeau, report says‚Ä¶ https://t.co/A78NUwdEVL",93
193,@CBSNews,-0.2263,Fri Mar 16 17:17:01 +0000 2018,0.139,0.717,0.143,Missouri defends 241-year prison sentence for man who committed robbery and other crimes on a single day when he wa‚Ä¶ https://t.co/43VAbH9bGr,94
194,@CBSNews,-0.7717,Fri Mar 16 16:50:01 +0000 2018,0.283,0.717,0.0,Thousands mourn shooting death of Rio city councilwoman Marielle Franco who was shot in the head four times:‚Ä¶ https://t.co/xRaTooQGdg,95
195,@CBSNews,0.0,Fri Mar 16 16:30:02 +0000 2018,0.0,1.0,0.0,"A new wildlife protection board is packed with trophy hunters, including some members with direct ties to President‚Ä¶ https://t.co/eCvTikYu9O",96
196,@CBSNews,-0.2263,Fri Mar 16 16:10:01 +0000 2018,0.128,0.872,0.0,Federal judge blocks Los Angeles from enforcing nearly all remaining gang injunctions: https://t.co/1QvcQKKwiq https://t.co/ICw5RP5VCS,97
197,@CBSNews,-0.4767,Fri Mar 16 15:50:02 +0000 2018,0.193,0.807,0.0,"Two women arrested after recording hate-filled video at mosque with their kids:
https://t.co/0s2Nc6YxQ7 https://t.co/DY4d3WiPdn",98
198,@CBSNews,-0.7506,Fri Mar 16 15:31:26 +0000 2018,0.262,0.738,0.0,New York's Democratic Rep. Louise Slaughter has died at age 88 after sustaining an injury at her residence earlier‚Ä¶ https://t.co/gT4PA7v3wT,99
199,@CBSNews,0.0,Fri Mar 16 15:15:22 +0000 2018,0.0,1.0,0.0,President Trump's announced meeting with North Korean leader Kim Jong Un will happen ‚Äî but it may not happen in May‚Ä¶ https://t.co/JVg5lnu4Xo,100
200,@CNN,0.0,Sat Mar 17 15:45:55 +0000 2018,0.0,1.0,0.0,JUST IN: 2 vehicles with 3 bodies inside them have been removed from the site of Thursday's pedestrian bridge colla‚Ä¶ https://t.co/03OSD48TeX,1
201,@CNN,-0.5719,Sat Mar 17 15:30:12 +0000 2018,0.32,0.68,0.0,Arkansas student says he was paddled for gun control walkout https://t.co/4XxXh0Cklx https://t.co/3msxgyreIs,2
202,@CNN,-0.4404,Sat Mar 17 15:15:01 +0000 2018,0.172,0.828,0.0,How Toys 'R' Us went from big kid on the block to bust https://t.co/XcnRNJMX9T https://t.co/IkUorzo91k,3
203,@CNN,0.0,Sat Mar 17 15:00:07 +0000 2018,0.0,1.0,0.0,Facebook suspends data firm with Trump ties https://t.co/UTcwchXDRl https://t.co/UzbaITsiZv,4
204,@CNN,0.5719,Sat Mar 17 14:45:11 +0000 2018,0.0,0.856,0.144,149 million people in the US plan to celebrate St. Patrick's Day this year. Here are some more facts and figures ab‚Ä¶ https://t.co/7Zkn4WGqjc,5
205,@CNN,-0.296,Sat Mar 17 14:36:06 +0000 2018,0.196,0.804,0.0,Here's what you missed during a busy news week https://t.co/kGOwJq85fg https://t.co/MD062RW1pl,6
206,@CNN,0.1531,Sat Mar 17 14:29:07 +0000 2018,0.124,0.722,0.155,Search interest in gun control after Parkland had more staying power than usual https://t.co/Rd4OcgqsoQ | Analysis‚Ä¶ https://t.co/HNutTtg8Ps,7
207,@CNN,0.2187,Sat Mar 17 14:01:06 +0000 2018,0.095,0.774,0.13,"66% of Millennials have nothing saved for retirement, a new report shows. Of those who do save, most have less than‚Ä¶ https://t.co/NgPB2avam1",8
208,@CNN,0.7184,Sat Mar 17 14:01:00 +0000 2018,0.077,0.662,0.261,"This Waffle House waitress took time to cut an elderly customer's ham, and the kind act won her a college scholarsh‚Ä¶ https://t.co/VhPkQMKVRe",9
209,@CNN,-0.2023,Sat Mar 17 13:31:00 +0000 2018,0.168,0.701,0.131,"Construction of Disney's much-anticipated Star Wars attractions is underway. The lands called ""Galaxy's Edge"" are s‚Ä¶ https://t.co/87H3x3Rv8p",10
210,@CNN,-0.5574,Sat Mar 17 13:17:14 +0000 2018,0.217,0.783,0.0,Former FBI Deputy Director Andrew McCabe is fired -- and fires back https://t.co/bXNJiUOiaR https://t.co/pvcp15wcxx,11
211,@CNN,-0.4767,Sat Mar 17 13:00:12 +0000 2018,0.134,0.866,0.0,Two Arizona women have been arrested after they went to a mosque and unleashed an anti-Muslim tirade in front of ch‚Ä¶ https://t.co/H5LpzxhIWe,12
212,@CNN,0.0,Sat Mar 17 12:31:00 +0000 2018,0.0,1.0,0.0,"""I don't wanna grow up, I'm a Toys 'R' Us kid,"" the iconic jingle says. After 70 years in business, Toys ""R"" Us wil‚Ä¶ https://t.co/sOqfaYjE0P",13
213,@CNN,0.0,Sat Mar 17 12:01:00 +0000 2018,0.0,1.0,0.0,"Every year on St. Patrick's Day, the world suddenly looks a little more green. Here are some of the landmarks that‚Ä¶ https://t.co/D1FJu2ftYM",14
214,@CNN,-0.2732,Sat Mar 17 11:31:06 +0000 2018,0.084,0.916,0.0,About half of all plants and animals in 35 of the world's most biodiverse places are at risk of extinction due to c‚Ä¶ https://t.co/0qipxbC6DF,15
215,@CNN,0.0,Sat Mar 17 11:01:00 +0000 2018,0.0,1.0,0.0,This South Korean barista transforms regular cups of coffee into incredible works of art: https://t.co/PmTG6N72uy‚Ä¶ https://t.co/W1cxH2oSCP,16
216,@CNN,0.4215,Sat Mar 17 10:31:08 +0000 2018,0.0,0.851,0.149,Stephen Hawking overcame a debilitating disease to publish wildly popular books probing the mysteries of the univer‚Ä¶ https://t.co/d4O70DfAzN,17
217,@CNN,0.4019,Sat Mar 17 10:01:36 +0000 2018,0.0,0.876,0.124,"This high school in Anchorage, Alaska, is using the sound of real gunfire to prepare students for active shooters‚Ä¶ https://t.co/PLXV5gaww1",18
218,@CNN,0.0,Sat Mar 17 09:31:00 +0000 2018,0.0,1.0,0.0,"You've heard of the big names, but some of the flashiest, most exotic vehicles at the 2018 Geneva Motor Show came f‚Ä¶ https://t.co/fNQFs1LQq6",19
219,@CNN,-0.3818,Sat Mar 17 09:22:07 +0000 2018,0.12,0.88,0.0,"Russia expels 23 British diplomats in response to the UK's expulsion of Russian envoys, as fallout over a nerve age‚Ä¶ https://t.co/eegUR0V7kE",20
220,@CNN,0.0,Sat Mar 17 09:01:03 +0000 2018,0.0,1.0,0.0,"7% of astronaut Scott Kelly's genes did not return to normal after his return to Earth two years ago, according to‚Ä¶ https://t.co/RJpy8zDZk7",21
221,@CNN,0.2732,Sat Mar 17 08:31:06 +0000 2018,0.0,0.905,0.095,"""People who boast about their IQ are losers.""

As well as being one of the world's most renowned scientists, Stephe‚Ä¶ https://t.co/r1EJ98XWa9",22
222,@CNN,-0.25,Sat Mar 17 08:01:03 +0000 2018,0.125,0.875,0.0,"White supremacists are using banners to get their messages across, the ADL says https://t.co/pZA6tj3bnO https://t.co/Gtkmboz4C3",23
223,@CNN,-0.5574,Sat Mar 17 07:31:08 +0000 2018,0.217,0.783,0.0,Former FBI Deputy Director Andrew McCabe is fired -- and fires back https://t.co/wGZGWJFC6M https://t.co/5swBuTRtHs,24
224,@CNN,0.296,Sat Mar 17 07:16:04 +0000 2018,0.0,0.885,0.115,"A majority of the US should expect warmer than average temperatures this spring, especially across the Southwest an‚Ä¶ https://t.co/EHuPvhzm3w",25
225,@CNN,-0.0258,Sat Mar 17 07:15:08 +0000 2018,0.099,0.807,0.094,A surprising resignation made Pope Francis head of the Catholic church. But what happens when two men claim one div‚Ä¶ https://t.co/PBZu74KXJA,26
226,@CNN,-0.7592,Sat Mar 17 07:01:01 +0000 2018,0.329,0.577,0.094,It wasn't Amazon and the growth of online shopping that killed Toys R Us. It was an unpleasant shopping experience‚Ä¶ https://t.co/peu4MPp0Yz,27
227,@CNN,0.5709,Sat Mar 17 06:46:00 +0000 2018,0.0,0.85,0.15,Longjing tea is a specialty in Hangzhou and considered one of the most prized tea leaves in China. The quality of t‚Ä¶ https://t.co/6OFwniGn03,28
228,@CNN,0.0,Sat Mar 17 06:31:04 +0000 2018,0.0,1.0,0.0,"It's been almost six months since Hurricane Maria, and Puerto Ricans are still dying https://t.co/oeclE6NEQF https://t.co/UGuBLj6oCv",29
229,@CNN,0.0,Sat Mar 17 06:16:00 +0000 2018,0.0,1.0,0.0,"Google cofounder Larry Page's flying taxi takes to the skies in New Zealand, billed as a self-piloting, zero-emissi‚Ä¶ https://t.co/q0f5DUxida",30
230,@CNN,-0.2263,Sat Mar 17 06:01:06 +0000 2018,0.102,0.837,0.06,"There have been a number of deadly bridge collapses in the US through the years, some due to structural deficiencie‚Ä¶ https://t.co/hKWZBHWYRd",31
231,@CNN,0.5318,Sat Mar 17 05:46:00 +0000 2018,0.0,0.826,0.174,"Munich, Germany, is a long way from the ocean and it's pretty darn cold this time of year, but that doesn't stop so‚Ä¶ https://t.co/YrRCxXcftC",32
232,@CNN,-0.6486,Sat Mar 17 05:31:05 +0000 2018,0.218,0.782,0.0,Snapchat lost $800 million after Rihanna tore into the company for allowing an offensive ad to appear on its app‚Ä¶ https://t.co/TCRuoH03Ud,33
233,@CNN,0.0,Sat Mar 17 05:01:03 +0000 2018,0.0,1.0,0.0,Juul e-cigarettes are high-nicotine devices that closely resemble flash drives. They've become a sensation among te‚Ä¶ https://t.co/Vbf0NrXyBe,34
234,@CNN,-0.743,Sat Mar 17 04:46:05 +0000 2018,0.27,0.73,0.0,"Former FBI deputy director Andrew McCabe described his firing Friday as part of President Trump's ""ongoing war"" wit‚Ä¶ https://t.co/qnlaGSqDWn",35
235,@CNN,-0.7783,Sat Mar 17 04:39:46 +0000 2018,0.298,0.702,0.0,Two women were arrested after allegedly stealing items from a mosque and broadcasting the whole episode on Facebook‚Ä¶ https://t.co/MCyYx5s9Vw,36
236,@CNN,-0.34,Sat Mar 17 04:27:51 +0000 2018,0.167,0.833,0.0,Read former FBI Deputy Director Andrew McCabe's statement on his firing https://t.co/3irOHi6a8I https://t.co/iisyQRWj4g,37
237,@CNN,0.6597,Sat Mar 17 04:16:06 +0000 2018,0.0,0.671,0.329,Pennsylvania's Republican Party is asking for an investigation into Tuesday's special election‚Ä¶ https://t.co/3MrCFJqAkS,38
238,@CNN,0.0,Sat Mar 17 04:01:04 +0000 2018,0.0,1.0,0.0,President Trump settles in as producer in chief https://t.co/LmiUHn9iYb https://t.co/KT1cf2uxgA,39
239,@CNN,-0.3182,Sat Mar 17 03:56:53 +0000 2018,0.119,0.881,0.0,"Virginia loses in NCAA basketball tournament to the University of Maryland, Baltimore County, the first time a No.‚Ä¶ https://t.co/QrTCsfNQEs",40
240,@CNN,-0.4215,Sat Mar 17 03:48:57 +0000 2018,0.214,0.685,0.101,"Rep. Eric Swalwell on McCabe's firing: ""To me, being a former prosecutor, it looks like they're trying to dirty him‚Ä¶ https://t.co/iKwr9DM1Ua",41
241,@CNN,-0.2023,Sat Mar 17 03:46:49 +0000 2018,0.087,0.913,0.0,"Rep. Eric Swalwell says the termination of former Deputy Director Andrew McCabe is a ""petty act"" and intended to ""s‚Ä¶ https://t.co/0f8hudMESN",42
242,@CNN,0.296,Sat Mar 17 03:45:18 +0000 2018,0.102,0.748,0.15,Did JFK win by losing in 1956? See how his DNC speech made him a star on #TheKennedys Sunday at 9p. https://t.co/Xo4AK8qk9v,43
243,@CNN,-0.2023,Sat Mar 17 03:33:16 +0000 2018,0.079,0.921,0.0,"RT @CNNTonight: Rep. Eric Swalwell says the termination of former Deputy Director Andrew McCabe is a ""petty act"" and ""sends a message to an‚Ä¶",44
244,@CNN,-0.34,Sat Mar 17 03:27:10 +0000 2018,0.118,0.882,0.0,Former Nixon White House counsel John Dean on Attorney General Jeff Sessions firing ex-FBI Deputy Director Andrew M‚Ä¶ https://t.co/0CPDgkHgrX,45
245,@CNN,0.0,Sat Mar 17 03:11:53 +0000 2018,0.0,1.0,0.0,Xi Jinping is making sweeping changes to how China is run https://t.co/RPIDFVNTKj https://t.co/yOpxnVfRu3,46
246,@CNN,-0.1779,Sat Mar 17 03:04:01 +0000 2018,0.147,0.737,0.115,"RT @CNNTonight: ""This looks like a punishment in search of a transgression rather than a transgression that's followed by a punishment,"" sa‚Ä¶",47
247,@CNN,0.128,Sat Mar 17 03:02:52 +0000 2018,0.0,0.923,0.077,"Attorneys defending President Trump and the company of his personal legal counsel, Michael Cohen, have filed to mov‚Ä¶ https://t.co/3hOQImURcf",48
248,@CNN,0.0,Sat Mar 17 02:37:51 +0000 2018,0.0,1.0,0.0,Former FBI deputy director Andrew McCabe tells CNN's Pamela Brown that the Republican memo from the House Intellige‚Ä¶ https://t.co/Y1ZrN2ET2O,49
249,@CNN,-0.4168,Sat Mar 17 02:26:51 +0000 2018,0.176,0.824,0.0,"Embattled former FBI deputy Andrew McCabe says he ""never misled"" Justice Department investigators‚Ä¶ https://t.co/hxnB7f8L9F",50
250,@CNN,-0.5574,Sat Mar 17 02:05:18 +0000 2018,0.167,0.833,0.0,BREAKING: Attorney General Jeff Sessions has fired former FBI deputy director Andrew McCabe less than two days shy‚Ä¶ https://t.co/qOxa5YZFDc,51
251,@CNN,0.0,Sat Mar 17 01:54:31 +0000 2018,0.0,1.0,0.0,"Every year on St. Patrick's Day, the world suddenly looks a little more green. Here are some of the landmarks that‚Ä¶ https://t.co/GNwhbmmKZB",52
252,@CNN,-0.1531,Sat Mar 17 01:35:24 +0000 2018,0.082,0.918,0.0,"RT @AC360: Anderson Cooper: #KeepingThemHonest, ""even barring any new shakeup, the turnover in (the Trump) administration is without modern‚Ä¶",53
253,@CNN,-0.2732,Sat Mar 17 01:31:39 +0000 2018,0.104,0.896,0.0,The lead bridge engineer with the firm that designed the pedestrian bridge that collapsed left a voicemail with the‚Ä¶ https://t.co/pppToee6GM,54
254,@CNN,0.5859,Sat Mar 17 01:19:38 +0000 2018,0.0,0.769,0.231,"Nestled into the stunning Arctic landscape with panoramic views of sparkling fjords and snowy mountains, Ny Anstalt‚Ä¶ https://t.co/x32JbLA62a",55
255,@CNN,0.0,Sat Mar 17 01:00:36 +0000 2018,0.0,1.0,0.0,The things that turn green on St. Patrick's Day https://t.co/EmvBkRWTp9 https://t.co/7zjVMQ0jKT,56
256,@CNN,-0.6705,Sat Mar 17 00:41:22 +0000 2018,0.297,0.703,0.0,FBI raids home of fired spy agency contractor suspected of leaking code on Facebook https://t.co/IIApgIHhRV,57
257,@CNN,0.0,Sat Mar 17 00:39:25 +0000 2018,0.0,1.0,0.0,Michael Flynn is set to appear at a California congressional candidate's event https://t.co/K9XOo7qSop https://t.co/J1yBATdTxs,58
258,@CNN,-0.4767,Sat Mar 17 00:31:58 +0000 2018,0.162,0.838,0.0,"Russia has attempted to attack targets that include ""energy, nuclear, commercial facilities, water, aviation, and c‚Ä¶ https://t.co/OpMFru9m1k",59
259,@CNN,0.4215,Sat Mar 17 00:21:09 +0000 2018,0.0,0.859,0.141,"In the airline's third animal-related incident in a week, a United Airlines plane headed to St. Louis was diverted‚Ä¶ https://t.co/9ZYGU1cTW8",60
260,@CNN,-0.4019,Sat Mar 17 00:21:07 +0000 2018,0.153,0.847,0.0,6 signs you're going to lose your White House job | Analysis by CNN's Gregory Krieg https://t.co/Gx9MuoFyiG https://t.co/iJ1tsRqHKm,61
261,@CNN,-0.5719,Sat Mar 17 00:11:03 +0000 2018,0.251,0.749,0.0,Two Nike executives have resigned in the midst of complaints about the company's work environment‚Ä¶ https://t.co/vdun1MS7sv,62
262,@CNN,0.0,Fri Mar 16 23:58:45 +0000 2018,0.0,1.0,0.0,"RT @OutFrontCNN: ""This is theatre ... it's not normal,"" says @AprilDRyan of President Trump's staff shake-up https://t.co/p3PGiOFOFT https:‚Ä¶",63
263,@CNN,-0.7184,Fri Mar 16 23:55:06 +0000 2018,0.286,0.714,0.0,"Kroger is going to stop selling magazines about assault rifles, a spokeswoman for the grocery chain said‚Ä¶ https://t.co/n4p0gFzVGB",64
264,@CNN,0.0,Fri Mar 16 23:49:25 +0000 2018,0.0,1.0,0.0,"6 days, 26 major stories: 1 week in the Trump presidency | Analysis by @CillizzaCNN https://t.co/I1uiplvN2u https://t.co/m7q8O6xpAj",65
265,@CNN,-0.2263,Fri Mar 16 23:41:02 +0000 2018,0.179,0.694,0.127,Trump is creating a dangerous echo chamber around himself | By Julian Zelizer via @CNNOpinion‚Ä¶ https://t.co/Ix4ndy0Bz0,66
266,@CNN,0.4215,Fri Mar 16 23:36:05 +0000 2018,0.0,0.859,0.141,"Facebook is bringing the minimalist version of its app to some developed countries, including the United States‚Ä¶ https://t.co/THWMh8L8lF",67
267,@CNN,0.0772,Fri Mar 16 23:31:05 +0000 2018,0.0,0.92,0.08,A University of Pennsylvania Law School professor has been removed from teaching mandatory first-year courses after‚Ä¶ https://t.co/TR8dIXkVig,68
268,@CNN,0.0,Fri Mar 16 23:21:06 +0000 2018,0.0,1.0,0.0,"Caterpillar could eliminate nearly 900 jobs in the US and Central America, the company said https://t.co/f1KsuzYWi7 https://t.co/bE3TKTIQMx",69
269,@CNN,-0.743,Fri Mar 16 23:11:08 +0000 2018,0.27,0.73,0.0,"Four suspects in the alleged hazing death of a Louisiana State University student were indicted, according to the E‚Ä¶ https://t.co/vWNiufyhou",70
270,@CNN,-0.8979,Fri Mar 16 23:01:04 +0000 2018,0.427,0.573,0.0,Putin is stoking the hellish war in Syria and no one is stopping him | By Gayle Lemmon via @CNNOpinion‚Ä¶ https://t.co/08OrNrS167,71
271,@CNN,-0.1901,Fri Mar 16 22:51:03 +0000 2018,0.084,0.916,0.0,"President Trump may complain about American cars being locked out of the Japanese auto market but, experts say, tha‚Ä¶ https://t.co/nKh61JtANx",72
272,@CNN,0.0571,Fri Mar 16 22:41:26 +0000 2018,0.221,0.548,0.231,RT @CNNSitRoom: Democratic Rep. Garamendi: ‚ÄúThis Presidency is a very serious security threat to the United States‚Äù https://t.co/CAUNIM0XaP‚Ä¶,73
273,@CNN,0.1779,Fri Mar 16 22:41:09 +0000 2018,0.0,0.904,0.096,The US pushes for changes to the Iran deal as President Trump signals a tougher stance https://t.co/jlDYogbzrB https://t.co/7CFLPIEX4u,74
274,@CNN,0.0,Fri Mar 16 22:31:43 +0000 2018,0.0,1.0,0.0,Tariff tutorial: what the 45th US President could learn from the 25th | By John Kirby via @CNNOpinion‚Ä¶ https://t.co/AxnKAghXzB,75
275,@CNN,0.0,Fri Mar 16 22:21:34 +0000 2018,0.0,1.0,0.0,"The Academy of Motion Pictures Arts and Sciences, the group behind on the Oscars, is investigating allegations of s‚Ä¶ https://t.co/Yn0zVaop0N",76
276,@CNN,-0.34,Fri Mar 16 22:16:09 +0000 2018,0.167,0.833,0.0,Thousands of people gathered in Slovakia's capital city to protest against the government and pay tribute to murder‚Ä¶ https://t.co/TphLFTABVH,77
277,@CNN,0.2023,Fri Mar 16 22:09:02 +0000 2018,0.0,0.904,0.096,"Education Secretary Betsy DeVos and Washington Sen. Patty Murray, the top Democrat on the Senate's education panel,‚Ä¶ https://t.co/greo94ZBXD",78
278,@CNN,0.0,Fri Mar 16 22:06:09 +0000 2018,0.0,1.0,0.0,New satellite imagery examined by Western experts suggests North Korea has begun preliminary testing of one of its‚Ä¶ https://t.co/JawfIsT74b,79
279,@CNN,0.296,Fri Mar 16 21:51:48 +0000 2018,0.0,0.901,0.099,"Though HIV rates across the US are stable, at least two spots -- Beaver County, Pennsylvania, and Milwaukee -- show‚Ä¶ https://t.co/IchWshO1bN",80
280,@CNN,0.4939,Fri Mar 16 21:47:32 +0000 2018,0.0,0.842,0.158,White House press secretary Sarah Sanders wouldn't say whether Russian President Vladimir Putin was a friend or a f‚Ä¶ https://t.co/XTBp5HzcwX,81
281,@CNN,-0.3818,Fri Mar 16 21:36:53 +0000 2018,0.11,0.89,0.0,"The White House is gearing up for a bruising fight over the nomination of President Trump's pick to head the CIA, G‚Ä¶ https://t.co/dTREDYchTR",82
282,@CNN,0.0,Fri Mar 16 21:30:44 +0000 2018,0.0,1.0,0.0,"The Vatican has removed Archbishop Anthony Apuron of Guam from office.

A news release did not specify exactly what‚Ä¶ https://t.co/9VrEgLAj8P",83
283,@CNN,0.0,Fri Mar 16 21:22:01 +0000 2018,0.0,1.0,0.0,"""I guess it never really occurred to me that I wouldn't always get to have that old-fashioned toy store experience‚Ä¶ https://t.co/Q1PvzzJDPO",84
284,@CNN,0.34,Fri Mar 16 21:18:35 +0000 2018,0.0,0.893,0.107,"A pro-Trump group has hired Carl Higbie, who shared an N-Word laden post written by someone else on Facebook in 201‚Ä¶ https://t.co/KXnx2TqAZe",85
285,@CNN,-0.4404,Fri Mar 16 21:16:43 +0000 2018,0.132,0.868,0.0,"Saudi Arabia will develop nuclear weapons if Iran does the same, said Crown Prince Mohammed bin Salman, Saudi's def‚Ä¶ https://t.co/MLHmQAELbx",86
286,@CNN,0.5413,Fri Mar 16 21:04:26 +0000 2018,0.0,0.845,0.155,"On Saturday, 1.7 million South Australians will vote in what many are describing as the most exciting electoral rac‚Ä¶ https://t.co/LvVsumtxAW",87
287,@CNN,-0.3182,Fri Mar 16 21:01:31 +0000 2018,0.099,0.901,0.0,"""Is there anything in the litany of accusations -- you would call them facts -- that surround this case that happen‚Ä¶ https://t.co/LL9FHkK0iI",88
288,@CNN,0.0,Fri Mar 16 20:58:52 +0000 2018,0.0,1.0,0.0,.@jaketapper: Can we pause and consider the notion that ‚Äî as the country waits in suspense to see who President Tru‚Ä¶ https://t.co/O1gHTQ9PEv,89
289,@CNN,-0.3182,Fri Mar 16 20:54:11 +0000 2018,0.091,0.909,0.0,"RT @TheLeadCNN: ""Is there anything in the litany of accusations -- you would call them facts -- that surround this case that happened while‚Ä¶",90
290,@CNN,0.0,Fri Mar 16 20:52:35 +0000 2018,0.0,1.0,0.0,"Tapper: You say your client, Stormy Daniels, felt ‚Äúphysically threatened‚Äù to stay silent about what she knew about‚Ä¶ https://t.co/eAj46BO7cx",91
291,@CNN,0.0,Fri Mar 16 20:50:58 +0000 2018,0.0,1.0,0.0,Lyft tests a $199 monthly subscription plan for rides https://t.co/BEk43Na2Ve https://t.co/EsZqc4qTQW,92
292,@CNN,0.0,Fri Mar 16 20:41:54 +0000 2018,0.0,1.0,0.0,RT @CNNPolitics: Attorney Michael Avenatti says his client Stormy Daniels will reveal details about her claim that she was physically threa‚Ä¶,93
293,@CNN,-0.3612,Fri Mar 16 20:37:41 +0000 2018,0.149,0.851,0.0,"As rumors of yet another staff shakeup loom over the White House, chief of staff John Kelly and White House officia‚Ä¶ https://t.co/E6RIeBLZxf",94
294,@CNN,0.3182,Fri Mar 16 20:33:49 +0000 2018,0.0,0.874,0.126,Two US representatives have introduced a bill that would put quarters featuring prominent women from American histo‚Ä¶ https://t.co/9F3bJ9Dm0s,95
295,@CNN,0.0,Fri Mar 16 20:26:40 +0000 2018,0.0,1.0,0.0,RT @TheLeadCNN: .@jaketapper: Can we pause and consider the notion that ‚Äî as the country waits in suspense to see who President Trump will‚Ä¶,96
296,@CNN,0.4404,Fri Mar 16 20:20:03 +0000 2018,0.0,0.873,0.127,"Secretary of State Rex Tillerson thanked agency staff and called his service at the State Department ""one of the gr‚Ä¶ https://t.co/hYYJ0uqOuM",97
297,@CNN,-0.8176,Fri Mar 16 20:07:13 +0000 2018,0.347,0.653,0.0,"Following a New York helicopter crash in which five passengers died, the FAA has ordered no more ""doors-off"" aircra‚Ä¶ https://t.co/ktg6BfwbHq",98
298,@CNN,0.0,Fri Mar 16 20:04:03 +0000 2018,0.0,1.0,0.0,President Trump's staffing upheavals come in spurts | Analysis by CNN's Sam Petulla https://t.co/7pjZKe1H6F https://t.co/knFbMFqr8v,99
299,@CNN,-0.296,Fri Mar 16 20:02:13 +0000 2018,0.099,0.901,0.0,"The US government has accused Russia of remotely targeting the US power grid, as part of its newly unveiled sanctio‚Ä¶ https://t.co/7yE2m1r4Vp",100
300,@FoxNews,-0.5267,Sat Mar 17 15:43:25 +0000 2018,0.207,0.793,0.0,Dem Sen: 'Vindictive and Political' for DOJ to Punish FBI's McCabe via Pension https://t.co/M8ZXD80DUq,1
301,@FoxNews,-0.8834,Sat Mar 17 15:42:49 +0000 2018,0.462,0.538,0.0,'He Killed An American Citizen': @MarkSteynOnline Battles Lawyer Over 'Malicious Prosecution' in Steinle Case https://t.co/aX0gNo728w,2
302,@FoxNews,0.34,Sat Mar 17 15:41:47 +0000 2018,0.152,0.562,0.287,"Some Democrats want Pelosi out now, win or lose House in midterms https://t.co/ca7oGqgphL",3
303,@FoxNews,-0.5574,Sat Mar 17 15:41:41 +0000 2018,0.231,0.769,0.0,"Trump calls fired McCabe ‚Äòchoirboy‚Äô, suggests FBI corruption ‚Äòat the highest levels‚Äô https://t.co/QBZlJeXU6u",4
304,@FoxNews,0.7184,Sat Mar 17 15:40:49 +0000 2018,0.0,0.75,0.25,"Bonnie Brazzeal: ""I never dreamed that I would meet @POTUS and personally thank him for the bonus. He really listen‚Ä¶ https://t.co/evcbbhCTXq",5
305,@FoxNews,0.0,Sat Mar 17 15:31:33 +0000 2018,0.0,1.0,0.0,".@dagenmcdowell: ""The RNC so far in the 2018 cycle is outraising the DNC 2 to 1."" https://t.co/pKW8oi1LNf",6
306,@FoxNews,0.0,Sat Mar 17 15:27:01 +0000 2018,0.0,1.0,0.0,Turnover rate in past administrations. https://t.co/CSFMwinwK7,7
307,@FoxNews,0.3612,Sat Mar 17 15:22:01 +0000 2018,0.0,0.857,0.143,".@JessicaTarlov: ""@POTUS communicates every day on Twitter to the entire world like a little child."" #Cavuto https://t.co/JysUwnFKG4",8
308,@FoxNews,0.4215,Sat Mar 17 15:10:25 +0000 2018,0.0,0.872,0.128,DEVELOPING: Trump‚Äôs lawyer John Dowd tells Fox News he hopes Deputy AG Rosenstein will end Mueller probe after McCa‚Ä¶ https://t.co/gZyO8B7wna,9
309,@FoxNews,-0.3182,Sat Mar 17 15:08:00 +0000 2018,0.113,0.887,0.0,".@deneenborelli: ""Every day [@HillaryClinton] talks it is a reminder of why she lost. She has managed - this one pe‚Ä¶ https://t.co/yvZr7bLvTV",10
310,@FoxNews,0.5719,Sat Mar 17 15:04:57 +0000 2018,0.0,0.684,0.316,"Moments ago, President @realDonaldTrump wished everyone a Happy #StPatricksDay. https://t.co/OHtrM2fPbL",11
311,@FoxNews,0.3506,Sat Mar 17 15:04:00 +0000 2018,0.0,0.86,0.14,".@deneenborelli: ""[@HillaryClinton] says she's a champion of women but her actions and her words speak otherwise.""‚Ä¶ https://t.co/YZZVLd77Ew",12
312,@FoxNews,0.0,Sat Mar 17 14:57:36 +0000 2018,0.0,1.0,0.0,".@garybsmith: ""Some are starting to think we're some big socialist country where the government is there as a nanny‚Ä¶ https://t.co/LlIqFATbgB",13
313,@FoxNews,-0.5859,Sat Mar 17 14:52:04 +0000 2018,0.275,0.725,0.0,".@dagenmcdowell: ""[@HillaryClinton] has an open contempt for Republican women."" #Cavuto https://t.co/a2nhhDPrjB",14
314,@FoxNews,-0.296,Sat Mar 17 14:52:00 +0000 2018,0.115,0.885,0.0,".@WhiteHouse looking to make individual cuts permanent as part of ""Phase Two"" for tax reform; @SimonettiLauren repo‚Ä¶ https://t.co/jNncWyLxb5",15
315,@FoxNews,0.4215,Sat Mar 17 14:48:18 +0000 2018,0.0,0.872,0.128,BREAKING NEWS: Trump‚Äôs lawyer tells Fox News he hopes Deputy AG Rosenstein will end Mueller probe after McCabe firi‚Ä¶ https://t.co/0MzwvJGKrY,16
316,@FoxNews,0.7269,Sat Mar 17 14:41:00 +0000 2018,0.0,0.724,0.276,"BREAKING NEWS: @POTUS's attorney: ""I pray that Acting Attorney General Rosenstein will follow the brilliant and cou‚Ä¶ https://t.co/M1hx2dnCSp",17
317,@FoxNews,0.0,Sat Mar 17 14:30:49 +0000 2018,0.0,1.0,0.0,"Moments ago, @VP Mike Pence tweeted his celebration of #StPatricksDay and his Irish roots. He will soon march in a‚Ä¶ https://t.co/qn9V18Nzpv",18
318,@FoxNews,0.0,Sat Mar 17 14:17:42 +0000 2018,0.0,1.0,0.0,".@SenatorCardin: ""Mr. McCabe was not treated fairly."" #Cavuto https://t.co/hi6agS0l8a",19
319,@FoxNews,0.7184,Sat Mar 17 14:14:12 +0000 2018,0.0,0.75,0.25,".@RepBradWenstrup: ""Let's clean the house and let's start to rebuild some of the trust that the American people wan‚Ä¶ https://t.co/IXD9SXgtgL",20
320,@FoxNews,0.0,Sat Mar 17 14:03:46 +0000 2018,0.0,1.0,0.0,Dyeing of the river for #StPatricksDay in Chicago (Credit: WFLD) https://t.co/3ktb8UG8fj,21
321,@FoxNews,0.3818,Sat Mar 17 14:02:24 +0000 2018,0.0,0.833,0.167,".@AmbJohnBolton: ""It would've been stunning if Jeff Sessions had done anything else."" https://t.co/W4UBetvSKm https://t.co/QbeaKLGlFY",22
322,@FoxNews,0.0,Sat Mar 17 13:55:31 +0000 2018,0.0,1.0,0.0,".@cvpayne: ""6.3 million job openings right now - by far an all-time record."" https://t.co/RjclNa3ZAw",23
323,@FoxNews,-0.6486,Sat Mar 17 13:50:58 +0000 2018,0.264,0.736,0.0,"Adrian Lamo, hacker who turned in Chelsea Manning to FBI, found dead https://t.co/4eJfcGOmGx",24
324,@FoxNews,0.9042,Sat Mar 17 13:37:34 +0000 2018,0.0,0.551,0.449,".@RCamposDuffy: ""This is a first step in restoring confidence and trust in our institutions and in equal justice in‚Ä¶ https://t.co/WVOlvDcF3H",25
325,@FoxNews,-0.6486,Sat Mar 17 13:07:38 +0000 2018,0.238,0.762,0.0,".@GeraldoRivera: ‚ÄúThe firing of McCabe as it happened, on a Friday night at ten o‚Äôclock, was harsh and spiteful.‚Äù https://t.co/pf5kx7Ftt4",26
326,@FoxNews,-0.5106,Sat Mar 17 12:56:13 +0000 2018,0.248,0.752,0.0,Outrage over New Yorker mag's 'repulsive' body-shaming of President Trump https://t.co/OiKnEpkpFY,27
327,@FoxNews,0.3818,Sat Mar 17 12:41:54 +0000 2018,0.0,0.88,0.12,Brandon Judd: ‚ÄúThe president wants to get a deal done that will protect these people that were brought here through‚Ä¶ https://t.co/wkwDYWdZd0,28
328,@FoxNews,0.0,Sat Mar 17 12:37:04 +0000 2018,0.0,1.0,0.0,.@PhilippeReines: ‚ÄúFiring Jim Comey will go down as one of the biggest political blunders in history.‚Äù https://t.co/uZMYDKCL41,29
329,@FoxNews,-0.2415,Sat Mar 17 12:35:10 +0000 2018,0.176,0.704,0.12,.@PhilippeReines: ‚ÄúPresident Trump cannot fire his way out of the troubles he‚Äôs in.‚Äù https://t.co/W3XAQxn8Iq,30
330,@FoxNews,0.0,Sat Mar 17 12:32:34 +0000 2018,0.0,1.0,0.0,".@PhilippeReines: ‚ÄúIrrespective of what you think Mr. McCabe did or didn‚Äôt do, it‚Äôs transparently vindictive to fir‚Ä¶ https://t.co/dY3ayT9o0h",31
331,@FoxNews,0.0,Sat Mar 17 12:16:48 +0000 2018,0.0,1.0,0.0,"Rumored site of $55M in Civil War-era gold draws FBI's attention, reports say https://t.co/oBiHoTiJUI",32
332,@FoxNews,0.0,Sat Mar 17 11:55:57 +0000 2018,0.0,1.0,0.0,An early morning runner heads past the Vietnam Veterans Memorial towards the Washington Monument at daybreak in Was‚Ä¶ https://t.co/9r1yXHc4hY,33
333,@FoxNews,0.0,Sat Mar 17 11:50:48 +0000 2018,0.0,1.0,0.0,Candace Owens: ‚ÄúWe can‚Äôt have states within this union that are not complying with federal law.‚Äù https://t.co/0YcFacAe3s,34
334,@FoxNews,-0.6597,Sat Mar 17 11:41:56 +0000 2018,0.351,0.649,0.0,Ohio student suspended for staying in class during National Walkout Day https://t.co/LZTIDsZPFI,35
335,@FoxNews,-0.8442,Sat Mar 17 11:31:01 +0000 2018,0.503,0.497,0.0,"Russia retaliates, expels 23 British diplomats amid tensions over ex-spy poisoning https://t.co/hbB8Ku6thf",36
336,@FoxNews,-0.296,Sat Mar 17 11:27:28 +0000 2018,0.155,0.845,0.0,Savannah says 'no more' to smooching soldiers in St. Patrick's Day Parade https://t.co/2W28gi2T40,37
337,@FoxNews,0.0,Sat Mar 17 11:21:48 +0000 2018,0.0,1.0,0.0,".@CharlesHurt: ‚ÄúRex Tillerson didn‚Äôt get elected to anything, Donald Trump did.‚Äù https://t.co/1gTgGR1a69",38
338,@FoxNews,-0.6908,Sat Mar 17 10:57:00 +0000 2018,0.324,0.676,0.0,Video shows the scary moments when a malfunctioning chairlift sends people flying. No serious injuries were reporte‚Ä¶ https://t.co/GkRMAwpw9j,39
339,@FoxNews,-0.8074,Sat Mar 17 10:56:09 +0000 2018,0.509,0.368,0.123,Cop killer granted parole decades after cold-blooded murders https://t.co/PuzGoWCQs2,40
340,@FoxNews,-0.34,Sat Mar 17 10:53:00 +0000 2018,0.118,0.882,0.0,"FDNY Fire Marshal Christopher T. ‚ÄúTripp‚Äù Zanetis and FDNY Lieutenant Christopher J. Raguso, both of whom also serve‚Ä¶ https://t.co/TUZ5lEFtGs",41
341,@FoxNews,-0.5994,Sat Mar 17 10:50:22 +0000 2018,0.151,0.849,0.0,.@TomFitton: ‚ÄúI don‚Äôt know how many blows the Russia collusion story is going to take before it dies the death it d‚Ä¶ https://t.co/I4eb0bsFHS,42
342,@FoxNews,0.5859,Sat Mar 17 10:35:38 +0000 2018,0.0,0.798,0.202,"Bonnie Brazzeal: ‚ÄúIt was an amazing experience, I never dreamed that I would meet [President @realDonaldTrump] and‚Ä¶ https://t.co/wyA1dPG4sH",43
343,@FoxNews,0.5267,Sat Mar 17 10:32:09 +0000 2018,0.0,0.866,0.134,"Jerry Davis, President of College of the Ozarks: ‚ÄúWe‚Äôre all going to gain by the changes brought about by the tax b‚Ä¶ https://t.co/D5sNS3D0F2",44
344,@FoxNews,0.0,Sat Mar 17 10:25:29 +0000 2018,0.0,1.0,0.0,Oakland mayor consulted with illegal-immigration activists before tipping off ICE raid https://t.co/IVi2VKM0y0,45
345,@FoxNews,-0.0772,Sat Mar 17 10:00:02 +0000 2018,0.067,0.933,0.0,".@JesseBWatters: ‚ÄúWhether it was an accidental shooting or it was a purposeful shooting, he cost Kate Steinle her l‚Ä¶ https://t.co/0kldOu31CA",46
346,@FoxNews,-0.7717,Sat Mar 17 09:45:00 +0000 2018,0.314,0.628,0.058,'Angel Dad': Pelosi Would Want a 'Wall to the Moon' If an Illegal Immigrant Hurt Her Family https://t.co/IfLXQQgskK,47
347,@FoxNews,-0.34,Sat Mar 17 09:37:00 +0000 2018,0.124,0.876,0.0,"On Saturday, @realDonaldTrump tweeted his reaction to Attorney General Jeff Sessions' firing of former FBI Deputy D‚Ä¶ https://t.co/UBAU9OKEq0",48
348,@FoxNews,0.0,Sat Mar 17 09:15:00 +0000 2018,0.0,1.0,0.0,Medieval 'pot o' gold' discovered by construction workers https://t.co/mOdDk36XYW,49
349,@FoxNews,-0.4118,Sat Mar 17 09:08:00 +0000 2018,0.121,0.879,0.0,".@TheDCVince: ‚ÄúThe whole reason we have this firing today is because of James Comey, and the FBI‚Äôs handling of the‚Ä¶ https://t.co/BhH3HP6bXb",50
350,@FoxNews,0.6523,Sat Mar 17 09:00:00 +0000 2018,0.0,0.761,0.239,SHE SAID YES: A Georgia police officer surprised his girlfriend by popping the question amid a group of children du‚Ä¶ https://t.co/9CiuUWvWEi,51
351,@FoxNews,0.0516,Sat Mar 17 08:52:00 +0000 2018,0.22,0.549,0.232,Top @HillaryClinton Adviser Warns Dems: Stop Dismissing Chance of 2nd Trump Term https://t.co/eYGvnNZGtJ,52
352,@FoxNews,-0.6908,Sat Mar 17 08:30:00 +0000 2018,0.324,0.676,0.0,Video shows the scary moments when a malfunctioning chairlift sends people flying. No serious injuries were reporte‚Ä¶ https://t.co/FXEgGixow0,53
353,@FoxNews,0.0,Sat Mar 17 08:22:00 +0000 2018,0.0,1.0,0.0,Bernard Kerik: ‚ÄúI would urge the American people to think extremely highly of the FBI. The FBI agents across this c‚Ä¶ https://t.co/zHpWNdlzex,54
354,@FoxNews,-0.2732,Sat Mar 17 08:15:00 +0000 2018,0.139,0.861,0.0,"McCormick and Schmick's manager suing for $999,999 after getting bit by venomous spider https://t.co/scPXKrJGVG",55
355,@FoxNews,0.0258,Sat Mar 17 08:12:07 +0000 2018,0.164,0.667,0.169,"Judge locks self in courtroom, causes $3G in damage trying to break free: report
https://t.co/lJ3txHdsyS",56
356,@FoxNews,-0.296,Sat Mar 17 08:08:00 +0000 2018,0.115,0.885,0.0,".@SaraCarterDC: ""[McCabe] believes this is all about [@POTUS]. No, this is about his colleagues at OPR...who found‚Ä¶ https://t.co/KdHw5dqBT0",57
357,@FoxNews,0.34,Sat Mar 17 08:00:00 +0000 2018,0.068,0.789,0.142,.@KatrinaPierson: ‚ÄúI think it is time to get serious. There absolutely should be a second special counsel.‚Äù‚Ä¶ https://t.co/U71H7DISMH,58
358,@FoxNews,0.0,Sat Mar 17 07:50:00 +0000 2018,0.0,1.0,0.0,".@NancyPelosi: #Trump's Proposed Border Wall Is Too High, 'Obnoxious' in a Civilized Society https://t.co/ROR8CZqEpj",59
359,@FoxNews,-0.7003,Sat Mar 17 07:38:00 +0000 2018,0.244,0.756,0.0,".@RepMarkMeadows: ""No one ever gets fired from the @FBI and DOJ without there being real credible evidence, so the‚Ä¶ https://t.co/N4IozhCoAg",60
360,@FoxNews,0.0,Sat Mar 17 07:30:00 +0000 2018,0.0,1.0,0.0,.@KatrinaPierson: ‚ÄúI think that this is the beginning of what I believe is to come. Once the inspector general repo‚Ä¶ https://t.co/85JgWYuq9N,61
361,@FoxNews,-0.5423,Sat Mar 17 07:15:00 +0000 2018,0.304,0.696,0.0,Famous 'snake whisperer' dies after fatal cobra bite https://t.co/Y25KZ9SbBe,62
362,@FoxNews,-0.0772,Sat Mar 17 07:07:00 +0000 2018,0.067,0.933,0.0,".@JesseBWatters: ‚ÄúWhether it was an accidental shooting or it was a purposeful shooting, he cost Kate Steinle her l‚Ä¶ https://t.co/LZzyluSpm5",63
363,@FoxNews,-0.2732,Sat Mar 17 07:04:11 +0000 2018,0.16,0.84,0.0,"$2.5M settlement after police dismiss woman's kidnapping as 'Gone Girl' hoax
https://t.co/QHj5Q9xnVM",64
364,@FoxNews,-0.4957,Sat Mar 17 07:00:00 +0000 2018,0.187,0.813,0.0,Cleaning has never been more fun! Watch these German shepherd puppies chase after a broom. https://t.co/YC7zKJCEYL,65
365,@FoxNews,0.0,Sat Mar 17 06:51:49 +0000 2018,0.0,1.0,0.0,"Drunken driver rammed car, injuring US military translator from Afghanistan, authorities say
https://t.co/2TjxauNBXC",66
366,@FoxNews,0.0,Sat Mar 17 06:45:00 +0000 2018,0.0,1.0,0.0,".@JeffFlake blasts #Trump as 'erratic' in New Hampshire speech, fueling 2020 primary speculation https://t.co/j00BngHNXz",67
367,@FoxNews,-0.5574,Sat Mar 17 06:30:00 +0000 2018,0.167,0.833,0.0,"After being fired by Attorney General Jeff Sessions on Friday, former FBI Deputy Director Andrew McCabe released a‚Ä¶ https://t.co/CYB8BktAUx",68
368,@FoxNews,0.5106,Sat Mar 17 06:15:00 +0000 2018,0.092,0.69,0.218,".@pnjaban on McCabe's firing: ""I'm glad this action has been taken. Clearly, Mr. McCabe was at the heart of a numbe‚Ä¶ https://t.co/di05nsBeyh",69
369,@FoxNews,-0.8172,Sat Mar 17 06:00:00 +0000 2018,0.309,0.691,0.0,".@RepSeanDuffy on McCabe firing: ""No one gets fired in the swamp! That we have a former head of the @FBI who's now‚Ä¶ https://t.co/NAlG8ZQoS0",70
370,@FoxNews,0.0,Sat Mar 17 05:45:00 +0000 2018,0.0,1.0,0.0,Christopher Steele must appear for dossier deposition in British court https://t.co/5X4u0UOARm,71
371,@FoxNews,-0.5574,Sat Mar 17 05:35:00 +0000 2018,0.184,0.816,0.0,"Former FBI Deputy Director Andrew McCabe was fired on Friday night, Attorney General Jeff Sessions announced.‚Ä¶ https://t.co/HpKXMxdWK5",72
372,@FoxNews,-0.5106,Sat Mar 17 05:15:00 +0000 2018,0.323,0.677,0.0,Chicago students allegedly trash Walmart during National School Walkout protest https://t.co/58N1KKO9Wp,73
373,@FoxNews,0.0,Sat Mar 17 05:08:00 +0000 2018,0.0,1.0,0.0,OPINION - @newtgingrich: #Trump (and his success) continues to baffle our country's elites. What's going on? https://t.co/vjegRYFNcv,74
374,@FoxNews,-0.7096,Sat Mar 17 05:00:01 +0000 2018,0.496,0.426,0.078,No. 16 UMBC stuns No. 1 Virginia in NCAA upset https://t.co/rxMmBNgtoj,75
375,@FoxNews,-0.6597,Sat Mar 17 04:52:00 +0000 2018,0.351,0.649,0.0,Ohio student suspended for staying in class during National Walkout Day https://t.co/DbQps1HJz5,76
376,@FoxNews,0.0,Sat Mar 17 04:45:00 +0000 2018,0.0,1.0,0.0,First for California: Undocumented Immigrant Appointed to Gov't Post https://t.co/MYINJHmzDg,77
377,@FoxNews,0.0,Sat Mar 17 04:30:00 +0000 2018,0.0,1.0,0.0,".@peterthiel: If #Trump Runs in 2020, He Will Get Re-Elected https://t.co/pKWdtHI2Jy",78
378,@FoxNews,-0.34,Sat Mar 17 04:22:02 +0000 2018,0.124,0.876,0.0,"On Saturday, @realDonaldTrump tweeted his reaction to Attorney General Jeff Sessions' firing of former FBI Deputy D‚Ä¶ https://t.co/H1fXbu1jxM",79
379,@FoxNews,-0.7717,Sat Mar 17 04:15:00 +0000 2018,0.314,0.628,0.058,'Angel Dad': @NancyPelosi Would Want a 'Wall to the Moon' If an Illegal Immigrant Hurt Her Family https://t.co/IfLXQQgskK,80
380,@FoxNews,0.6486,Sat Mar 17 03:58:59 +0000 2018,0.0,0.739,0.261,"Former FBI Assistant Director Ron Hosko: ‚ÄúThe Andy McCabe I knew was a tireless, smart, capable public servant.‚Äù‚Ä¶ https://t.co/W1Niy2pH7a",81
381,@FoxNews,0.0,Sat Mar 17 03:54:16 +0000 2018,0.0,1.0,0.0,Bernard Kerik: ‚ÄúI would urge the American people to think extremely highly of the FBI. The FBI agents across this c‚Ä¶ https://t.co/J24WX6N1Ky,82
382,@FoxNews,-0.743,Sat Mar 17 03:47:45 +0000 2018,0.326,0.674,0.0,"Illegal immigrant turns himself in to ICE following deadly hit-and-run car crash, report says https://t.co/W3xqugPFe2",83
383,@FoxNews,-0.4118,Sat Mar 17 03:33:27 +0000 2018,0.121,0.879,0.0,".@TheDCVince: ‚ÄúThe whole reason we have this firing today is because of James Comey, and the FBI‚Äôs handling of the‚Ä¶ https://t.co/wzUsROhxSH",84
384,@FoxNews,-0.5574,Sat Mar 17 03:26:52 +0000 2018,0.167,0.833,0.0,"After being fired by Attorney General Jeff Sessions on Friday, former FBI Deputy Director Andrew McCabe released a‚Ä¶ https://t.co/9i5rvBhCF3",85
385,@FoxNews,0.34,Sat Mar 17 03:20:14 +0000 2018,0.068,0.789,0.142,.@KatrinaPierson: ‚ÄúI think it is time to get serious. There absolutely should be a second special counsel.‚Äù‚Ä¶ https://t.co/rQuJ5MQbjy,86
386,@FoxNews,0.4588,Sat Mar 17 03:19:51 +0000 2018,0.097,0.685,0.218,"Sol Wisenberg on McCabe firing: ""I have actually a lot of faith in [AG Sessions'] integrity and this [report] must‚Ä¶ https://t.co/AeMUkwIHIP",87
387,@FoxNews,0.0,Sat Mar 17 03:18:17 +0000 2018,0.0,1.0,0.0,.@KatrinaPierson: ‚ÄúI think that this is the beginning of what I believe is to come. Once the inspector general repo‚Ä¶ https://t.co/eAcb0f58zO,88
388,@FoxNews,-0.7003,Sat Mar 17 03:11:31 +0000 2018,0.244,0.756,0.0,".@RepMarkMeadows: ""No one ever gets fired from the @FBI and DOJ without there being real credible evidence, so the‚Ä¶ https://t.co/18KQ2aKYki",89
389,@FoxNews,-0.8172,Sat Mar 17 03:04:32 +0000 2018,0.309,0.691,0.0,".@RepSeanDuffy on McCabe firing: ""No one gets fired in the swamp! That we have a former head of the @FBI who's now‚Ä¶ https://t.co/eYcdd5wRh7",90
390,@FoxNews,-0.296,Sat Mar 17 02:57:48 +0000 2018,0.115,0.885,0.0,".@SaraCarterDC: ""[McCabe] believes this is all about [@POTUS]. No, this is about his colleagues at OPR...who found‚Ä¶ https://t.co/uVBGYaJHSA",91
391,@FoxNews,0.0,Sat Mar 17 02:43:02 +0000 2018,0.0,1.0,0.0,".@AlanDersh: ""If the evidence conclusively demonstrates that [McCabe] was less than candid and misled investigators‚Ä¶ https://t.co/eA4dOV7YQO",92
392,@FoxNews,0.5106,Sat Mar 17 02:36:44 +0000 2018,0.092,0.69,0.218,".@pnjaban on McCabe's firing: ""I'm glad this action has been taken. Clearly, Mr. McCabe was at the heart of a numbe‚Ä¶ https://t.co/Mn6KuXk6tp",93
393,@FoxNews,-0.5574,Sat Mar 17 02:07:55 +0000 2018,0.175,0.825,0.0,"BREAKING: Former FBI Deputy Director Andrew McCabe was fired on Friday night, Attorney General Jeff Sessions announ‚Ä¶ https://t.co/gd7ak2YrqO",94
394,@FoxNews,-0.3818,Sat Mar 17 02:01:13 +0000 2018,0.223,0.647,0.129,".@mikeroweworks: ""I believe, as a society we've made the case that the enemy of your happiness is your damn job, an‚Ä¶ https://t.co/4MmqNcsBmI",95
395,@FoxNews,-0.6956,Sat Mar 17 01:52:30 +0000 2018,0.283,0.634,0.082,".@mikeroweworks on how unemployment affects men: ""Nothing good happens, but the bad things that happen as a direct‚Ä¶ https://t.co/6hmVMXWghe",96
396,@FoxNews,0.0,Sat Mar 17 01:46:34 +0000 2018,0.0,1.0,0.0,Oakland mayor consulted with illegal-immigration activists before tipping off ICE raid https://t.co/4mcA8qkVIi,97
397,@FoxNews,0.0772,Sat Mar 17 01:35:13 +0000 2018,0.133,0.718,0.149,".@ToddRokita: ""It's an easy question: Do you condemn anti-Semitism? And the modern Democratic Party...can't answer‚Ä¶ https://t.co/m7LS3tZsSy",98
398,@FoxNews,-0.6908,Sat Mar 17 01:31:30 +0000 2018,0.324,0.676,0.0,Video shows the scary moments when a malfunctioning chairlift sends people flying. No serious injuries were reporte‚Ä¶ https://t.co/Vo7sO9ns4I,99
399,@FoxNews,0.0,Sat Mar 17 01:23:51 +0000 2018,0.0,1.0,0.0,Senator demands documents related to @FIU bridge construction https://t.co/q9gjGJkMdj,100
400,@NYTimes,0.0,Sat Mar 17 15:45:04 +0000 2018,0.0,1.0,0.0,"A lawyer for President Trump called for an end to the Russia investigation, saying it was ""manufactured"" by the FBI https://t.co/pitaR0DK3r",1
401,@NYTimes,-0.296,Sat Mar 17 15:35:04 +0000 2018,0.145,0.855,0.0,"The week's 10 most notable new songs and videos, chosen by @nytimesmusic critics https://t.co/9a9Dk0MA6W",2
402,@NYTimes,0.0,Sat Mar 17 15:25:02 +0000 2018,0.0,1.0,0.0,"RT @AllMattNYT: ‚ÄúRules don‚Äôt matter:"" The inside story of how a Trump-linked data firm harvested 50+ mil Facebook profiles -- and how Faceb‚Ä¶",3
403,@NYTimes,-0.4588,Sat Mar 17 15:15:01 +0000 2018,0.2,0.8,0.0,Virginia‚Äôs 74-54 defeat at the hands of UMBC was a long time coming https://t.co/c7HPYmc29W,4
404,@NYTimes,-0.6808,Sat Mar 17 15:05:05 +0000 2018,0.195,0.805,0.0,"An Alaska Airlines pilot has sued the airline, alleging she was drugged and raped by another pilot during a layover‚Ä¶ https://t.co/cnkNRgrhTs",5
405,@NYTimes,0.0,Sat Mar 17 14:55:06 +0000 2018,0.0,1.0,0.0,The monks of Mepkin Abbey are getting old. One has been at the monastery for 73 years and the youngest member is 60‚Ä¶ https://t.co/NReajwBbt7,6
406,@NYTimes,-0.743,Sat Mar 17 14:45:09 +0000 2018,0.249,0.751,0.0,"Andrew McCabe was fired Friday. President Trump had heaped scorn on the ex-FBI deputy, who was set to retire Sunday‚Ä¶ https://t.co/QMUBT9MvkE",7
407,@NYTimes,-0.5994,Sat Mar 17 14:35:05 +0000 2018,0.311,0.546,0.143,"Modern Love: He was struggling with an obscure neurological illness. Before he died in January, she was his world. https://t.co/Z1nxJvGQvJ",8
408,@NYTimes,-0.4404,Sat Mar 17 14:25:02 +0000 2018,0.127,0.873,0.0,President Trump's lawyers say in court papers that Stormy Daniels could be liable for $20 million in damages for vi‚Ä¶ https://t.co/aUiFi39x1l,9
409,@NYTimes,0.6369,Sat Mar 17 14:15:05 +0000 2018,0.0,0.802,0.198,"This soda bread is is best eaten still steaming from the oven, slathered with salted Irish butter‚Ä¶ https://t.co/CHz1nDRnuj",10
410,@NYTimes,0.0,Sat Mar 17 14:05:07 +0000 2018,0.0,1.0,0.0,RT @nickconfessore: BREAKING: New documents tell the inside story of how a Trump-linked data firm obtained private info from more than 50 m‚Ä¶,11
411,@NYTimes,-0.4588,Sat Mar 17 14:00:28 +0000 2018,0.136,0.864,0.0,"A firm closely tied to the Trump campaign exploited data from 50 million Facebook users, The New York Times found.‚Ä¶ https://t.co/ei3yqFlZWe",12
412,@NYTimes,0.4086,Sat Mar 17 13:42:05 +0000 2018,0.066,0.798,0.136,"‚ÄúMy body will not allow me
To mingle with the men
But my heart is far braver
Than that of a man.‚Äù
https://t.co/bEyeqROzuB",13
413,@NYTimes,0.0,Sat Mar 17 13:35:02 +0000 2018,0.0,1.0,0.0,Opinion: Grab a Pillow: Weekend Reads From Opinion https://t.co/WzUN3Dl3gx,14
414,@NYTimes,-0.4588,Sat Mar 17 13:27:45 +0000 2018,0.25,0.75,0.0,How Trump Consultants Exploited the Facebook Data of Millions https://t.co/Og2VCZx7J7,15
415,@NYTimes,-0.1263,Sat Mar 17 13:21:05 +0000 2018,0.113,0.795,0.092,"""I have trouble settling down, and he's got very rhythmic breathing,‚Äù said a woman of her dog. ""It's almost like wh‚Ä¶ https://t.co/I9Ievi7jGP",16
416,@NYTimes,-0.3252,Sat Mar 17 13:02:04 +0000 2018,0.135,0.865,0.0,"""The Irish were slaves, too,"" the memes often say. But they're not true.
From 2017: https://t.co/4a12V4QQoG",17
417,@NYTimes,0.0,Sat Mar 17 12:41:03 +0000 2018,0.0,1.0,0.0,Here's the 2018 election calendar https://t.co/5JIb1S2Lzk,18
418,@NYTimes,-0.296,Sat Mar 17 12:21:10 +0000 2018,0.268,0.732,0.0,How to stop eating sugar https://t.co/taOj6iNXNT https://t.co/V1UvWZnE5v,19
419,@NYTimes,-0.7717,Sat Mar 17 12:02:07 +0000 2018,0.427,0.573,0.0,Fatal collapse: A look at how the Florida bridge was built https://t.co/3kq7YW4KHk,20
420,@NYTimes,0.0772,Sat Mar 17 11:41:05 +0000 2018,0.0,0.929,0.071,"The number of homeless students in New York City public schools climbed to 111,500 last school year https://t.co/q6muKeDCYD",21
421,@NYTimes,0.296,Sat Mar 17 11:21:04 +0000 2018,0.0,0.82,0.18,"How exercise can keep aging muscles and immune systems ""young"" https://t.co/aBf803nXA5",22
422,@NYTimes,-0.802,Sat Mar 17 11:02:04 +0000 2018,0.31,0.69,0.0,All ‚Äúdoors-off‚Äù helicopter flights have been halted in the U.S. while regulators investigate a crash that killed 5‚Ä¶ https://t.co/dJzvsFqLra,23
423,@NYTimes,0.0,Sat Mar 17 10:31:36 +0000 2018,0.0,1.0,0.0,Diagnosis: Why Was This Teenager Bleeding So Excessively? https://t.co/aCNCKLZdfD,24
424,@NYTimes,0.0,Sat Mar 17 10:18:36 +0000 2018,0.0,1.0,0.0,He supplies coffee to Starbucks. He owns much of Ethiopia. Where is Mohammed Hussein Al Amoudi? https://t.co/7ADtUzqvNO,25
425,@NYTimes,0.5719,Sat Mar 17 10:02:02 +0000 2018,0.0,0.861,0.139,"RT @nytimesbusiness: As a teacher, Ryan Frailich was happy just to have a retirement plan. But then he looked closer at how the money was i‚Ä¶",26
426,@NYTimes,0.0,Sat Mar 17 09:36:15 +0000 2018,0.0,1.0,0.0,"RT @nytimesarts: A new program at Juilliard furnishes opera students with designer gowns for their auditions and performances, donated by M‚Ä¶",27
427,@NYTimes,-0.7506,Sat Mar 17 09:18:30 +0000 2018,0.416,0.584,0.0,"Russia Expels 23 British Diplomats, Escalating Row Over Ex-Spy‚Äôs Poisoning https://t.co/YQXGttFTyW",28
428,@NYTimes,-0.0516,Sat Mar 17 09:00:17 +0000 2018,0.122,0.763,0.115,"With her passion for wine, swords and bomb making, Qiu Jin was unlike most women born in late 19th-century China. T‚Ä¶ https://t.co/gDhW04t0OU",29
429,@NYTimes,-0.4939,Sat Mar 17 08:32:05 +0000 2018,0.198,0.802,0.0,RT @NYTHealth: The dangers of sleep aids and anti-anxiety medicines for older people. https://t.co/50aDfdHkUL,30
430,@NYTimes,0.2732,Sat Mar 17 08:10:47 +0000 2018,0.0,0.9,0.1,"The tech industry‚Äôs stereotypical accessory used to be the hoodie. Today, it might as well be the Baby Bjorn. https://t.co/5chK3RtwM5",31
431,@NYTimes,0.0,Sat Mar 17 07:54:30 +0000 2018,0.0,1.0,0.0,Your weekend playlist has arrived https://t.co/ouKnmfvsHM,32
432,@NYTimes,-0.0516,Sat Mar 17 07:38:00 +0000 2018,0.119,0.769,0.112,"Tracy Morgan, on life after his accident: ‚ÄúI have to ask myself, because of what I‚Äôve been through, was I better th‚Ä¶ https://t.co/vkhFI4k8WE",33
433,@NYTimes,0.0,Sat Mar 17 07:15:21 +0000 2018,0.0,1.0,0.0,"Why the tax law might make your car payments go up
https://t.co/WwH0YWqhXN",34
434,@NYTimes,0.4588,Sat Mar 17 06:58:13 +0000 2018,0.204,0.395,0.401,The Workologist: When a Good Friend Becomes a Terrible Colleague https://t.co/XXK0HbA0sx,35
435,@NYTimes,0.0,Sat Mar 17 06:49:28 +0000 2018,0.0,1.0,0.0,"Those who can‚Äôt afford coal often burn garbage, adding plastics and other pollutants into the soupy mix https://t.co/QjAiAIgTxS",36
436,@NYTimes,-0.6597,Sat Mar 17 06:33:20 +0000 2018,0.39,0.61,0.0,On College Basketball: Virginia Loses in a Way No One Will Ever Forget https://t.co/sJ2u6OoAjU,37
437,@NYTimes,0.0,Sat Mar 17 06:24:15 +0000 2018,0.0,1.0,0.0,A brief history of Stephen Hawking https://t.co/Dl9Hiu284Y,38
438,@NYTimes,0.0,Sat Mar 17 06:03:02 +0000 2018,0.0,1.0,0.0,"Since 1851, obituaries in The New York Times have been dominated by white men. Now, we're adding the stories of mor‚Ä¶ https://t.co/5vsFyE4FbM",39
439,@NYTimes,0.0,Sat Mar 17 05:38:49 +0000 2018,0.0,1.0,0.0,"When Qatari royals were captured falcon hunting in Iraq, they were used as pawns in a multiplayer chess match that‚Ä¶ https://t.co/iXQoX5tEpy",40
440,@NYTimes,-0.5106,Sat Mar 17 05:23:15 +0000 2018,0.193,0.807,0.0,Toys ‚ÄúR‚Äù Us went from planning a turnaround to collapsing. The brand‚Äôs downfall shows the risks of private equity i‚Ä¶ https://t.co/OsmbyquW64,41
441,@NYTimes,0.6808,Sat Mar 17 05:06:52 +0000 2018,0.0,0.752,0.248,"When wolves were reintroduced at Yellowstone and in Idaho, it created many positive ripple effects. That could hold‚Ä¶ https://t.co/jsAgCnSqOA",42
442,@NYTimes,0.0,Sat Mar 17 04:50:32 +0000 2018,0.0,1.0,0.0,U.K.‚Äôs First Polar Bear Born in 25 Years to Get Star Treatment https://t.co/0SoD91Xxsb,43
443,@NYTimes,-0.6876,Sat Mar 17 04:41:03 +0000 2018,0.256,0.659,0.085,"RT @NYTNational: Deandre Harris, a black man who was brutally attacked during last year‚Äôs rally in Charlottesville, was found not guilty of‚Ä¶",44
444,@NYTimes,0.296,Sat Mar 17 04:14:28 +0000 2018,0.121,0.701,0.178,RT @jcrutchmer: saturday's late @nytsports print editions off of UMBC's win over virginia: the ultimate upset. https://t.co/rWVDkft5W8,45
445,@NYTimes,0.0,Sat Mar 17 04:09:41 +0000 2018,0.0,1.0,0.0,How Trump Can Make the Most of the Summit of the Americas https://t.co/1s8j4IVddV,46
446,@NYTimes,0.8271,Sat Mar 17 04:06:06 +0000 2018,0.0,0.58,0.42,"‚ÄúI like to photograph things that give me joy, because there‚Äôs certainly enough heartache‚Äù https://t.co/smC1cqYWKX",47
447,@NYTimes,0.3164,Sat Mar 17 03:49:30 +0000 2018,0.0,0.84,0.16,"RT @NYTSports: ""We did it. We did it. It's a dream come true!"" https://t.co/2pP4clHjLw",48
448,@NYTimes,0.4939,Sat Mar 17 03:47:04 +0000 2018,0.0,0.792,0.208,"In the age of Amazon and e-books, independent booksellers, like Shakespeare and Company, are actually returning to‚Ä¶ https://t.co/Vr6ceXwhla",49
449,@NYTimes,-0.5267,Sat Mar 17 03:38:05 +0000 2018,0.206,0.794,0.0,University of Maryland-Baltimore County has become the first No. 16 seed to beat a No. 1 seed. Virginia will always‚Ä¶ https://t.co/p74AvmCFDj,50
450,@NYTimes,-0.2023,Sat Mar 17 03:32:02 +0000 2018,0.167,0.833,0.0,5 doctors are charged with taking kickbacks for fentanyl prescriptions https://t.co/5cUp9jSMj6,51
451,@NYTimes,-0.296,Sat Mar 17 03:17:02 +0000 2018,0.136,0.864,0.0,RT @nytgraphics: All the major firings and resignations in the Trump administration ‚Äî so far. https://t.co/yOiUwbJLp9,52
452,@NYTimes,-0.1027,Sat Mar 17 03:07:17 +0000 2018,0.105,0.81,0.086,Top seed Virginia is on the ropes against No. 16-seed UMBC in the men‚Äôs NCAA tournament. Live updates: https://t.co/g388pFfs7B,53
453,@NYTimes,-0.128,Sat Mar 17 03:02:06 +0000 2018,0.177,0.664,0.159,Teachers in Jersey City went on strike after they and the school district failed to reach an agreement over the cos‚Ä¶ https://t.co/wppEY8MeRe,54
454,@NYTimes,0.5719,Sat Mar 17 02:47:03 +0000 2018,0.087,0.684,0.228,"It was probably the first ghost story in Indian cinema. The movie, ‚ÄúMahal,‚Äù was a huge success, making the lead act‚Ä¶ https://t.co/SDl67AV5Jo",55
455,@NYTimes,-0.3818,Sat Mar 17 02:33:05 +0000 2018,0.157,0.843,0.0,"RT @jimrutenberg: Trump joins the fight against Stormy Daniels in federal court, w/@maggieNYT @adamliptak  https://t.co/Afo7bdWenZ",56
456,@NYTimes,-0.5719,Sat Mar 17 02:22:00 +0000 2018,0.156,0.844,0.0,"In an interview, Andrew McCabe was blunt. ‚ÄúThe idea that I was dishonest is just wrong,‚Äù he said, adding, ‚ÄúThis is‚Ä¶ https://t.co/6aojClfS1j",57
457,@NYTimes,-0.743,Sat Mar 17 02:10:16 +0000 2018,0.249,0.751,0.0,"Breaking News: Andrew McCabe has been fired. President Trump had heaped scorn on the ex-FBI deputy, who was set to‚Ä¶ https://t.co/hIE0sA8fZo",58
458,@NYTimes,-0.886,Sat Mar 17 02:06:01 +0000 2018,0.321,0.679,0.0,RT @amyfiscus: NEW: McCabe fired: ‚ÄúThe idea that I was dishonest is just wrong. This is part of an effort to discredit me as a witness‚Äù in‚Ä¶,59
459,@NYTimes,0.0,Sat Mar 17 01:55:04 +0000 2018,0.0,1.0,0.0,Breaking News: President Trump's lawyers say in court papers that Stormy Daniels could be liable for $20 million in‚Ä¶ https://t.co/NHDz1VVz60,60
460,@NYTimes,0.0772,Sat Mar 17 01:47:04 +0000 2018,0.0,0.929,0.071,"The number of homeless students in New York City public schools climbed to 111,500 last school year https://t.co/84SJPhNbcI",61
461,@NYTimes,-0.5994,Sat Mar 17 01:32:05 +0000 2018,0.311,0.546,0.143,"Modern Love: He was struggling with an obscure neurological illness. Before he died in January, she was his world. https://t.co/eP3rcFEqco",62
462,@NYTimes,0.6808,Sat Mar 17 01:17:05 +0000 2018,0.0,0.772,0.228,RT @lindsaycrouse: A doctor that once ran 3 marathons in 3 countries in 3 weekends straight ‚Äî and won or medaled in all of them. Reporting‚Ä¶,63
463,@NYTimes,0.0,Sat Mar 17 01:04:10 +0000 2018,0.0,1.0,0.0,Breaking News: Cracks on a new pedestrian bridge near Miami were reported on a voicemail 2 days before the walkway‚Ä¶ https://t.co/hjZUEmgn7n,64
464,@NYTimes,0.0,Sat Mar 17 01:02:03 +0000 2018,0.0,1.0,0.0,Evening Briefing: Here's what you need to know at the end of the day https://t.co/6VtS6PJ0KX,65
465,@NYTimes,0.0,Sat Mar 17 00:47:04 +0000 2018,0.0,1.0,0.0,Cooper Union reverses course and says it will be tuition-free once again. But it may take a while. A new plan gives‚Ä¶ https://t.co/4lpL9INlBy,66
466,@NYTimes,-0.7717,Sat Mar 17 00:32:06 +0000 2018,0.427,0.573,0.0,Fatal collapse: A look at how the Florida bridge was built https://t.co/XS8gsX1m7C,67
467,@NYTimes,0.0,Sat Mar 17 00:17:04 +0000 2018,0.0,1.0,0.0,RT @TheSteinLine: For Sports Saturday in the @nytimes: Taking stock of a season in San Antonio unlike any other in Pop Era for the Spurs ‚Äî&gt;‚Ä¶,68
468,@NYTimes,-0.1263,Sat Mar 17 00:02:06 +0000 2018,0.113,0.795,0.092,"""I have trouble settling down, and he's got very rhythmic breathing,‚Äù said a woman of her dog. ""It's almost like wh‚Ä¶ https://t.co/3PV3exSpSt",69
469,@NYTimes,0.0,Fri Mar 16 23:47:02 +0000 2018,0.0,1.0,0.0,"With new tariffs expected to take effect next week, lobbyists are storming Washington to press for exemptions that‚Ä¶ https://t.co/77Oyc9DwIy",70
470,@NYTimes,0.6808,Fri Mar 16 23:32:02 +0000 2018,0.0,0.752,0.248,"When wolves were reintroduced at Yellowstone and in Idaho, it created many positive ripple effects. That could hold‚Ä¶ https://t.co/oqlOEjFgG4",71
471,@NYTimes,0.4019,Fri Mar 16 23:17:03 +0000 2018,0.0,0.812,0.188,RT @porterthereport: Canada accepted fewer than 1200 Yazidi refugees. They are challenging the country‚Äôs hands-off settlement system becaus‚Ä¶,72
472,@NYTimes,0.0,Fri Mar 16 23:06:06 +0000 2018,0.0,1.0,0.0,"How to spend 36 hours in Oaxaca, Mexico https://t.co/v5dZD8yikT",73
473,@NYTimes,0.0,Fri Mar 16 22:53:01 +0000 2018,0.0,1.0,0.0,"When it comes to Russian meddling, President Trump has taken a far softer stand than his own administration. Here's‚Ä¶ https://t.co/uDGQLNwKvh",74
474,@NYTimes,0.0,Fri Mar 16 22:47:05 +0000 2018,0.0,1.0,0.0,Evening Briefing: Here's what you need to know at the end of the day https://t.co/UcEPdmD5nP,75
475,@NYTimes,0.6369,Fri Mar 16 22:31:06 +0000 2018,0.0,0.766,0.234,"""How am I supposed to find a life partner if I can‚Äôt even find many men who treat women like equals?"" https://t.co/aTklTX0dFa",76
476,@NYTimes,0.0,Fri Mar 16 22:17:03 +0000 2018,0.0,1.0,0.0,"Why the tax law might make your car payments go up
https://t.co/xHTHUvPJnH",77
477,@NYTimes,-0.743,Fri Mar 16 22:03:04 +0000 2018,0.267,0.733,0.0,"RT @Neil_Irwin: Trump keeps ignoring trade in services, focusing only on the trade deficit in physical goods. This misses a lot about the p‚Ä¶",78
478,@NYTimes,0.0,Fri Mar 16 21:51:02 +0000 2018,0.0,1.0,0.0,Billie Piper may be a household name on the British stage. Now she's coming to New York. https://t.co/gwpLcdPAIN,79
479,@NYTimes,0.6369,Fri Mar 16 21:35:07 +0000 2018,0.0,0.802,0.198,"This soda bread is is best eaten still steaming from the oven, slathered with salted Irish butter‚Ä¶ https://t.co/1LpaTzJVwF",80
480,@NYTimes,-0.5719,Fri Mar 16 21:20:02 +0000 2018,0.217,0.783,0.0,"The ghost of Angelina Jolie past hangs over the new, suitably titled ‚ÄúTomb Raider,‚Äù a dreary, inept reboot starring‚Ä¶ https://t.co/FPmNyszSa5",81
481,@NYTimes,0.465,Fri Mar 16 21:05:04 +0000 2018,0.102,0.672,0.226,"Despite a celebrated refugee settlement system, nothing has prepared Canada for the Yazidis https://t.co/TZ1tEql5aA",82
482,@NYTimes,0.0,Fri Mar 16 20:50:06 +0000 2018,0.0,1.0,0.0,"‚ÄúShe was an angel. She wanted to become a lawyer, and she was so beautiful,"" said Orlando Duran. He believes his da‚Ä¶ https://t.co/tPW5mIly8A",83
483,@NYTimes,-0.802,Fri Mar 16 20:35:08 +0000 2018,0.31,0.69,0.0,All ‚Äúdoors-off‚Äù helicopter flights have been halted in the U.S. while regulators investigate a crash that killed 5‚Ä¶ https://t.co/w5SMAVtZyO,84
484,@NYTimes,0.0,Fri Mar 16 20:20:07 +0000 2018,0.0,1.0,0.0,"Nearly 3 in 4 teachers oppose letting staff carry guns in school, a new poll finds https://t.co/Xc0SdQ3imc",85
485,@NYTimes,0.3612,Fri Mar 16 20:05:03 +0000 2018,0.0,0.878,0.122,"‚ÄúStealing an instrument in New Orleans is like removing a statue from a church,‚Äù said Ben Jaffe, a musician whose 3‚Ä¶ https://t.co/X2LuSQaceb",86
486,@NYTimes,-0.2023,Fri Mar 16 19:50:05 +0000 2018,0.091,0.909,0.0,One NYT reader's reaction to South Africa's former president Jacob Zuma being charged with corruption related to an‚Ä¶ https://t.co/CGEcwufePO,87
487,@NYTimes,-0.5574,Fri Mar 16 19:35:05 +0000 2018,0.153,0.847,0.0,"After Trump fired Rex Tillerson in a tweet, we asked experts to discuss the history of the secretary of state, once‚Ä¶ https://t.co/0SfoZ0zVpy",88
488,@NYTimes,0.5371,Fri Mar 16 19:20:10 +0000 2018,0.106,0.603,0.291,The price French bulldogs pay for being so cute https://t.co/PG6pPSUKL6,89
489,@NYTimes,0.2263,Fri Mar 16 19:05:04 +0000 2018,0.0,0.924,0.076,NASA had to set the record straight: Mark Kelly and Scott Kelly are just as much twins as they were before Scott we‚Ä¶ https://t.co/kLfTdpQlnx,90
490,@NYTimes,-0.4588,Fri Mar 16 18:55:07 +0000 2018,0.218,0.704,0.077,"Where President Trump goes wrong on trade, and why it matters https://t.co/G1X6DBG0td",91
491,@NYTimes,0.0,Fri Mar 16 18:45:09 +0000 2018,0.0,1.0,0.0,Ben Carson and David Shulkin remain in their cabinet posts despite speculation that they would be replaced because‚Ä¶ https://t.co/fXIlqoNBTk,92
492,@NYTimes,-0.5994,Fri Mar 16 18:35:04 +0000 2018,0.311,0.546,0.143,"Modern Love: He was struggling with an obscure neurological illness. Before he died in January, she was his world. https://t.co/x6Re17Emfa",93
493,@NYTimes,0.0,Fri Mar 16 18:29:13 +0000 2018,0.0,1.0,0.0,"When Sheryl Sandberg‚Äôs book published 5 years ago this month, it became a cultural phenomenon. But what is its actu‚Ä¶ https://t.co/ztY46OSsq7",94
494,@NYTimes,0.0,Fri Mar 16 18:20:05 +0000 2018,0.0,1.0,0.0,"In @NYTOpinion 

Wuilly Arteaga, an exiled violinist-activist, tells his story of Venezuela's oppression https://t.co/Pj5EvKeNji",95
495,@NYTimes,0.0,Fri Mar 16 18:05:05 +0000 2018,0.0,1.0,0.0,"When Sheryl Sandberg‚Äôs book published 5 years ago this month, it became a cultural phenomenon. But what is it's act‚Ä¶ https://t.co/VpVmBKwS7e",96
496,@NYTimes,0.6369,Fri Mar 16 17:50:04 +0000 2018,0.0,0.776,0.224,It‚Äôs a bold plan to wean Californians from their cars: promote denser housing near transit. So why are some environ‚Ä¶ https://t.co/B8IupZQLg5,97
497,@NYTimes,0.0,Fri Mar 16 17:35:05 +0000 2018,0.0,1.0,0.0,"In @NYTOpinion 

Op-Ed Columnist @DouthatNYT writes, ""The papal plan for a truce is either ingenious or deceptive,‚Ä¶ https://t.co/wb51yz7PQS",98
498,@NYTimes,-0.5423,Fri Mar 16 17:20:07 +0000 2018,0.2,0.8,0.0,Readers wrote in with their accounts of workplace sexual harassment. Experts offered their advice. https://t.co/ColJHiLWyr,99
499,@NYTimes,0.0,Fri Mar 16 17:05:07 +0000 2018,0.0,1.0,0.0,"The Bollywood legend, Madhubala has been compared to Marilyn Monroe: the smoldering looks, the short but prolific c‚Ä¶ https://t.co/kzmzYgqYCV",100
